query_order,candidate_order,retrieval_review_id,query_case_id,query_message,query_prior_context,candidate_message,candidate_reply,relevance_grade,relevance_reason,reviewer_id
1,1,retrieval-review-001,tesco-97692,@Tesco can you confirm when your festive food ordering system will be going live please? We're a non delivery saver customer thanks :),,@Tesco When will delivery saver Xmas slots be released please?,"@customer Hi <name_redacted>, it depends on whether you are a Deliver Saver customer or not, can you DM me with your account name, address and email? 1/2 @customer I can then send you the key dates for you. Ty Andrew 2/2",,,
1,2,retrieval-review-002,tesco-97692,@Tesco can you confirm when your festive food ordering system will be going live please? We're a non delivery saver customer thanks :),,@Tesco have I missed when Xmas slots are open for delivery saver folks?,@customer Hi <name_redacted>. Good news! You haven't missed it! 23rd November is the cut off to sign up to a delivery saver plan to book a Xmas slot. 1/2 @customer 26th November is the date delivery saver customers can book slots up to and including 23rd December. Thanks,,,
1,3,retrieval-review-003,tesco-97692,@Tesco can you confirm when your festive food ordering system will be going live please? We're a non delivery saver customer thanks :),,@Tesco That’s because I have paid upfront for delivery saver.......can you confirm you will be emailing me a money off code??,"@customer Hi <name_redacted>, I have sent you a £5 ecoupon to use on your next order. I hope you have no further issues.",,,
1,4,retrieval-review-004,tesco-97692,@Tesco can you confirm when your festive food ordering system will be going live please? We're a non delivery saver customer thanks :),,"@Tesco what the fudge is going with your festive food ordering. First order from 23rd Oct, Now 24th Nov WTF!!!!","@customer Hi <name_redacted>, sorry to hear of the issues you are having, can you please explain a little more about what the issue seems to be? TY",,,
2,1,retrieval-review-005,tesco-561011,@Tesco Hi <name_redacted> sent you a direct message if you could help please :-) Thanks,,"@Tesco Hi, <name_redacted> sent a private message, would somebody be able to answer it please 😊 thanks","@customer Hi <name_redacted>, I have replied to your DM. TY",,,
2,2,retrieval-review-006,tesco-561011,@Tesco Hi <name_redacted> sent you a direct message if you could help please :-) Thanks,,@Tesco sent the message,@customer Hi <name_redacted>. I have responded to your DM's. :),,,
2,3,retrieval-review-007,tesco-561011,@Tesco Hi <name_redacted> sent you a direct message if you could help please :-) Thanks,,@customer @Tesco Sent u direct message. Plz chk thanks,"@customer Hi there, I'm sorry about the poor standards in our shop. I would like to investigate this for you. Can you please confirm the store? 1/3 @customer Did you speak to anyone in store? Can you also please DM with full name, email &amp; contact number (Management may want to speak to you)? 2/3 @customer I will then feedback your complaint to the store, so there is a better availability of baskets in the future. TY - Rhuari 3/3",,,
2,4,retrieval-review-008,tesco-561011,@Tesco Hi <name_redacted> sent you a direct message if you could help please :-) Thanks,,"@Tesco Thanks, could you direct message me please?","@customer Hi <name_redacted>, we're unable to DM you but you can DM us through this link. :) <media_or_link>",,,
2,5,retrieval-review-009,tesco-561011,@Tesco Hi <name_redacted> sent you a direct message if you could help please :-) Thanks,,@Tesco Thanks message sent,@customer Hi <name_redacted>. I've updated your title on your card and sent you another replacement. It will have the correct details this time. You can keep using that card in the meantime though if you like and all the points will be shared. Thanks,,,
3,1,retrieval-review-010,tesco-2923097,"@Tesco another day, another Tesco van blocking my drive 🤬 sick of it now!",,@Tesco I now won't use you for games as the whole point of ordering was as a present for day of release. That present is now ruined. Thanks...,"@customer Hi <name_redacted>. Pre-ordered games are sent 24-48 hours before the day of release, with our aim being for it to arrive with you on release day. 1/2 @customer The delivery date quoted of November 7th is the latest date we would expect it to arrive. Regards - Aaron 2/2",,,
3,2,retrieval-review-011,tesco-2923097,"@Tesco another day, another Tesco van blocking my drive 🤬 sick of it now!",,@Tesco I had my van washed by your hand car wash and when I got to my van it was parked very close to another and realised it's been damaged,"@customer Hi, I am very sorry to hear this! However I would need to ask you to return to store and report it with them so they may investigate 1/3 @customer Especially as there has been a third party involved. Alternatively, for Waves car wash complaints and claims you can contact them 2/3 @customer Either directly on <number_redacted> or __email__ so they can investigate the matter further. TY - Martin 3/3",,,
3,3,retrieval-review-012,tesco-2923097,"@Tesco another day, another Tesco van blocking my drive 🤬 sick of it now!",,"Hey @Tesco why is it that I can not secure a slot for delivery for the whole month? 9/11 through to 28/11 ""no slots available! Try another day""","@customer Hi <name_redacted>, I'm sorry you're having difficulty booking a delivery slot 1/4 @customer I appreciate this must be frustrating and I'd like to get this resolved for you as soon as possible 2/4 @customer Firstly can you please try adding your address to the address book under My Account using a different nickname 3/4 @customer Once this is done just go to the Book a Slot page and select the new nickname from the dropdown beforehand. - Aneurin 4/4",,,
3,4,retrieval-review-013,tesco-2923097,"@Tesco another day, another Tesco van blocking my drive 🤬 sick of it now!",,"Another day, another out of date product in @Tesco. No lunch for me now then. <media_or_link>","@customer Hi there, I'm ever so sorry about the out of date Couscous you have purchased. I can totally understand the frustration caused by this. 1/3 @customer If you can DM your name, address, email address, store name, price paid? I'll ensure you're reimbursed in the form of a Tesco Moneycard. 2/3 @customer As well as documenting this on our system, and notifying the store of the matter. Regards - Isaac 3/3",,,
3,5,retrieval-review-014,tesco-2923097,"@Tesco another day, another Tesco van blocking my drive 🤬 sick of it now!",,@tesco thanks for blocking the road with all your trolleys at the busiest time of the day! <media_or_link>,"@customer Hi there, sorry to see these aren't put away properly. Can you confirm the store so that I can call our management team. Thanks",,,
4,1,retrieval-review-015,tesco-547281,@Tesco you should do this <media_or_link>,,@Tesco should my ham be turning green/grey?? 🤢🤢🤢 <media_or_link>,"@customer Hi <name_redacted>, I'm sorry to learn about your grey/green ham. If possible could you please send us some details via DM? 1/4 @customer Can you send your name, address, postcode, barcode, supplier code, batch number and a photo of your full receipt please. 2/4 @customer Then I will be more than happy to Issue you with a refund and log this incident. Would you like your Moneycard via email or post? 3/4 @customer Lastly do you mind if we pass your details on to our suppliers? Thanks - Callum 4/4",,,
4,2,retrieval-review-016,tesco-547281,@Tesco you should do this <media_or_link>,,"Dear @Tesco, big knives should be kept out of the sight and reach of small children. Lisburn store. Cheers! <media_or_link>","@customer Hi <name_redacted>, I completely agree with you! Can you just confirm that this was in our Lisburn Superstore so I can deal with this? Thanks",,,
4,3,retrieval-review-017,tesco-547281,@Tesco you should do this <media_or_link>,,"@Tesco this should have #BrownSauce in it, not #Red <media_or_link>","@customer Hi <name_redacted>, I'm sorry to hear you don't like our choice of sauce! Could you DM me your name, address and postcode I can log your feedback -Nick",,,
4,4,retrieval-review-018,tesco-547281,@Tesco you should do this <media_or_link>,,@Tesco This should be done automatically,"@customer Hi there, I have logged the details of the complaint on our system, for review from our supplier, thanks for contacting us, Andy",,,
4,5,retrieval-review-019,tesco-547281,@Tesco you should do this <media_or_link>,,@Tesco That should have been in the initial tweet!! 😂 <media_or_link>,"@customer Wow, they look really good! I hope they tasted as good as they look. :)",,,
5,1,retrieval-review-020,tesco-2852985,@Tesco Your self service checkouts need a serious software update particularly with regard Scan and Pack...,,@Tesco are the self service checkouts also supposed to be self cleaning? <media_or_link>,@customer Hi there. What store did you see this in? I'll call the store and ask them to give them a clean. TY- Charlotte,,,
5,2,retrieval-review-021,tesco-2852985,@Tesco Your self service checkouts need a serious software update particularly with regard Scan and Pack...,,Why are @Tesco still giving these out from self service checkouts <media_or_link>,"@customer Hi there. I'm very sorry about that. Can you let me know what store you received this from? 1/2 @customer If it helps, you are able to use these round pounds in our store until the 22nd of October. TY- Charlotte 2/2",,,
5,3,retrieval-review-022,tesco-2852985,@Tesco Your self service checkouts need a serious software update particularly with regard Scan and Pack...,,"@Tesco your new software on self service tills is terrible. Locks up scanning small club card,slow to scan barcodes etc",@customer I'm really sorry for the inconvenience caused JP. Can you send me a DM to tell me more about the changes you don't like? I'll pass it on :) <media_or_link>,,,
5,4,retrieval-review-023,tesco-2852985,@Tesco Your self service checkouts need a serious software update particularly with regard Scan and Pack...,,"@Tesco 3/6 self-checkouts out of service at Chineham, Basingstoke <media_or_link>","@customer I'm sorry for the inconvenience caused Donald, please be assured it is within our interest to get these fixed as soon as possible. 1/2 @customer The faults would've been reported to our IT Team and they'll do what they can to have them up and running again. Thanks, Leah. 2/2",,,
6,1,retrieval-review-024,tesco-2855864,@Tesco aplease could you tell me the minimum weight of your salmon fillets sold over the counter. The skinless and (allegedly) boneless ones (mine had a massive vertebra left in it!). Thanks.,,@Tesco Meal for me with my weight training,"@customer If East Didsbury Superstore isn't too far, I can see that our system currently shows 22 there. TY - Paige 3/3",,,
6,2,retrieval-review-025,tesco-2855864,@Tesco aplease could you tell me the minimum weight of your salmon fillets sold over the counter. The skinless and (allegedly) boneless ones (mine had a massive vertebra left in it!). Thanks.,,@Tesco Massive thanks to yr lass in North Berwick store who chased me across car park in torrential rain to return mobile I left on counter.,"@customer Hi <name_redacted>, I am really glad you got your phone back without going through the sheer panic of realising you lost it :)",,,
6,3,retrieval-review-026,tesco-2855864,@Tesco aplease could you tell me the minimum weight of your salmon fillets sold over the counter. The skinless and (allegedly) boneless ones (mine had a massive vertebra left in it!). Thanks.,,"@Tesco No, I was just cleaning the kitchen and appalled by the state mine had got into and I just needed to tell someone.",@customer I hope it's nice and sparkly clean now :),,,
6,4,retrieval-review-027,tesco-2855864,@Tesco aplease could you tell me the minimum weight of your salmon fillets sold over the counter. The skinless and (allegedly) boneless ones (mine had a massive vertebra left in it!). Thanks.,,@Tesco can you please tell me what you type of 'butter' used on your fish counter garlic &amp; herb salmon fillets? Dairy or vegetable based?,"@customer Hi <name_redacted>, please wait while I forward your query to our support team.",,,
6,5,retrieval-review-028,tesco-2855864,@Tesco aplease could you tell me the minimum weight of your salmon fillets sold over the counter. The skinless and (allegedly) boneless ones (mine had a massive vertebra left in it!). Thanks.,,@Tesco just found a massive chunk of bone in the water that is meant to be chicken mini fillets #notimpressed #mostlywater,"@customer Hi <name_redacted>, I'm sorry to hear that the chicken you purchased from us wasn't up to our usual high standards. 1/5 @customer I'd like to log this feedback internally and issue you with a refund via Moneycard (either by post or email, your choice) 2/5 @customer Could you DM me your name, address/email address as well as the barcode, supplier code and date on the product packaging? 3/5 @customer Could you also take a picture of the bottom of your receipt for me too? (showing all the numbers) 4/5 @customer Lastly, would it be okay to pass your details on to our suppliers in case they wish to contact you? Thanks - Peter 5/5",,,
7,1,retrieval-review-029,tesco-514149,"I’m so sad @Tesco have sold their opticians to @customer, I moved to Tesco because vision express have the worst customer service I’ve ever come across 😡 off to @customer I go!",,"@Tesco Hi pls can you restock kinder eggs in the lancaster tesco express - i’m getting kinda sad about it many thanks, Jess x x x","@customer Hi , thanks for getting in touch, best thing to do would be to ask my colleagues in store for a customer request. They can then do that for you there and then. TY-Phil",,,
7,2,retrieval-review-030,tesco-514149,"I’m so sad @Tesco have sold their opticians to @customer, I moved to Tesco because vision express have the worst customer service I’ve ever come across 😡 off to @customer I go!",,So rude to see two ladies on their phone while serving at a checkout at @Tesco in Leeds city centre! Customer service at it's worst! #angry,@customer Hi Lauren; I'm sorry we let you down :( Please can you DM a description of my colleagues and the time you visited? 1/2 @customer I'll happily inform the Store Management Team so that they're made personally aware of your feelings and feedback - Mat 2/2 <media_or_link>,,,
7,3,retrieval-review-031,tesco-514149,"I’m so sad @Tesco have sold their opticians to @customer, I moved to Tesco because vision express have the worst customer service I’ve ever come across 😡 off to @customer I go!",,@Tesco just been on the phone to your customer service department &amp; received the worst customer service EVER! So unhelpful and rude!!!,"@customer Hi <name_redacted>, I'm really sorry you've not received the best customer service from us. Could you DM me and elaborate on this please? 1/2 @customer Could you also DM me your phone number so I can listen in to the call you had with my colleague? Thanks - Peter 2/2",,,
7,4,retrieval-review-032,tesco-514149,"I’m so sad @Tesco have sold their opticians to @customer, I moved to Tesco because vision express have the worst customer service I’ve ever come across 😡 off to @customer I go!",,@Tesco can you help with opticians customer service too?,"@customer Hi <name_redacted>, can you DM me and elaborate on the customer experience you received? Ty - James <media_or_link>",,,
7,5,retrieval-review-033,tesco-514149,"I’m so sad @Tesco have sold their opticians to @customer, I moved to Tesco because vision express have the worst customer service I’ve ever come across 😡 off to @customer I go!",,Nice on @Tesco - You’ve turned the “late night” pumps off! Never again will I go out of my way to come here. 😤😤😡😡 <media_or_link>,"@customer Hi <name_redacted>, can you confirm which store this was so I can look into this? Kind regards",,,
7,6,retrieval-review-034,tesco-514149,"I’m so sad @Tesco have sold their opticians to @customer, I moved to Tesco because vision express have the worst customer service I’ve ever come across 😡 off to @customer I go!",,@Tesco the worst customer service ever #useless,"@customer Hi there, I'm sorry to hear you've not had a great experience with our customer service team. I'd like to investigate this further 1/2 @customer Could you DM me a summary of your complaint along with your name and address too please? TY - Peter 2/2",,,
8,1,retrieval-review-035,tesco-568989,"Next time I have to remove one of these security tags from a DVD that I have purchased from @Tesco, the manager of said Tesco is going to have to go to hospital to get it surgically removed from his rectum #tesco #shopsecurity <media_or_link>",,"Clearly shouldn't online shop at Xmas. @Tesco maim you with partially removed security tags, while @customer don't even attempt to remove them <media_or_link>","@customer Oh no, I am really sorry to hear that. Please can you return to the store to report this to my colleagues? They will then be able to fill out the relevant forms with you.",,,
8,2,retrieval-review-036,tesco-568989,"Next time I have to remove one of these security tags from a DVD that I have purchased from @Tesco, the manager of said Tesco is going to have to go to hospital to get it surgically removed from his rectum #tesco #shopsecurity <media_or_link>",,Waste of time! 30mile round trip to @Tesco to have security tags removed from dvds which were delivered in online shop...v unhappy customer!,"@customer I'm sorry for the inconvenience, Lynn. I'm glad it's sorted. Charlotte",,,
8,3,retrieval-review-037,tesco-568989,"Next time I have to remove one of these security tags from a DVD that I have purchased from @Tesco, the manager of said Tesco is going to have to go to hospital to get it surgically removed from his rectum #tesco #shopsecurity <media_or_link>",,"@Tesco bought two DVDs, security tag wasn’t removed and I have no receipt 😫 can I go to store without receipt to have tags taken off?😬","@customer Hey <name_redacted>, do you have any other proof of purchase, I.e. bank statement? if not, the store will have to use their discretion. TY",,,
8,4,retrieval-review-038,tesco-568989,"Next time I have to remove one of these security tags from a DVD that I have purchased from @Tesco, the manager of said Tesco is going to have to go to hospital to get it surgically removed from his rectum #tesco #shopsecurity <media_or_link>",,@Tesco I bought these using scan as you shot but I didn't get stopped when I walked through the beeping sensors. Can I hand these in with a receipt to get the tags removed. <media_or_link>,"@customer Hey. Yes, if you return to store with your receipt a member of staff will remove them for you. Sorry for the inconvenience. TY",,,
9,1,retrieval-review-039,tesco-91710,Howard @Tesco Stockport is the slowest cashier EVER! He seemed genuinely surprised by every single item that appeared on his conveyor belt (which he managed to stop).,,classic mislabeling by @Tesco every single grape has seeds. <media_or_link>,"@customer Hi <name_redacted>, I am sorry you have bought this. Can you please DM me a few details so I can get this logged and investigated by our supplier. 1/3 @customer I need the following: full name, address, store, picture of the barcode area, price and date of purchase. 2/3 @customer With your permission can I send your details to our supplier? TY - Rian 3/3",,,
9,2,retrieval-review-040,tesco-91710,Howard @Tesco Stockport is the slowest cashier EVER! He seemed genuinely surprised by every single item that appeared on his conveyor belt (which he managed to stop).,,@Tesco every single time <media_or_link>,"@customer Hi <name_redacted>, Very sorry to see that the seal has been broken on your soup. Would you like me to feed this back to the supplier? Kind Regards",,,
9,3,retrieval-review-041,tesco-91710,Howard @Tesco Stockport is the slowest cashier EVER! He seemed genuinely surprised by every single item that appeared on his conveyor belt (which he managed to stop).,,@Tesco It was literally every product I tried. Seemed to stop doing it once I had booked a slot though!,"@customer Hi <name_redacted>, thank you for getting back to us, I am glad you were able to place an order. Please let us know if we can help with anything else.",,,
9,4,retrieval-review-042,tesco-91710,Howard @Tesco Stockport is the slowest cashier EVER! He seemed genuinely surprised by every single item that appeared on his conveyor belt (which he managed to stop).,,@Tesco Hertford. The cashier was lovely but seemed unaware of the deadline. He was really lovely though. Young lad with a beard. Real credit to you,"@customer Hi <name_redacted>, thanks for letting me know about this issue and i'm glad to hear that they got it sorted for you straight away.1/2 @customer What I've done is phone the store and made them aware of this issue as we can't have that happening again. Thanks James 2/2",,,
9,5,retrieval-review-043,tesco-91710,Howard @Tesco Stockport is the slowest cashier EVER! He seemed genuinely surprised by every single item that appeared on his conveyor belt (which he managed to stop).,,@Tesco He usually has just the Tesco Everyday Value in tomato sauce. He has three tins a week. They keep his coat shiny!,"@customer Hi <name_redacted>, sorry again that you couldn't find any sardines. I have passed this back to my support team to have it looked into!",,,
10,1,retrieval-review-044,tesco-2888917,@Tesco On the actual Tesco website,"[Customer] @Tesco <media_or_link> || [Tesco] @customer Hi <name_redacted>, I'm really sorry for the wasted journey today. The £20 price has been added in error I'm afraid and I've sent details to our team to have the price updated to £34. Best wishes. Mike || [Customer] @Tesco Isn’t that classed as false advertising?! || [Tesco] @customer Hi <name_redacted>, before I can investigate this for you, I'd need you to confirm where you got that screenshot from (eg Google search, Tesco Website)","@Tesco Hi <name_redacted>, I have sent you a DM. Best wishes, Shane",@customer Hi <name_redacted>. I've responded to your DM :) Kind regards,,,
10,2,retrieval-review-045,tesco-2888917,@Tesco On the actual Tesco website,"[Customer] @Tesco <media_or_link> || [Tesco] @customer Hi <name_redacted>, I'm really sorry for the wasted journey today. The £20 price has been added in error I'm afraid and I've sent details to our team to have the price updated to £34. Best wishes. Mike || [Customer] @Tesco Isn’t that classed as false advertising?! || [Tesco] @customer Hi <name_redacted>, before I can investigate this for you, I'd need you to confirm where you got that screenshot from (eg Google search, Tesco Website)",@Tesco might be helpful if you informed the shop of the price that you are advertising this at...£229 in store 😡 #false-advertising at its best <media_or_link>,"@customer Hi <name_redacted>, thanks for contacting us, Tesco Direct and online are separate parts of the business. 1/2 @customer Therefore prices can vary between the two. I hope this helps. - Ceri 2/2",,,
10,3,retrieval-review-046,tesco-2888917,@Tesco On the actual Tesco website,"[Customer] @Tesco <media_or_link> || [Tesco] @customer Hi <name_redacted>, I'm really sorry for the wasted journey today. The £20 price has been added in error I'm afraid and I've sent details to our team to have the price updated to £34. Best wishes. Mike || [Customer] @Tesco Isn’t that classed as false advertising?! || [Tesco] @customer Hi <name_redacted>, before I can investigate this for you, I'd need you to confirm where you got that screenshot from (eg Google search, Tesco Website)",@Tesco Hi <name_redacted>. I've just DM'd details as requested. Can you keep me updated please as to why this keeps happening? Thanks,"@customer @customer Hi <name_redacted>, I have logged your complaint on our systems and this will be fed back to the store. Ty",,,
10,4,retrieval-review-047,tesco-2888917,@Tesco On the actual Tesco website,"[Customer] @Tesco <media_or_link> || [Tesco] @customer Hi <name_redacted>, I'm really sorry for the wasted journey today. The £20 price has been added in error I'm afraid and I've sent details to our team to have the price updated to £34. Best wishes. Mike || [Customer] @Tesco Isn’t that classed as false advertising?! || [Tesco] @customer Hi <name_redacted>, before I can investigate this for you, I'd need you to confirm where you got that screenshot from (eg Google search, Tesco Website)",@Tesco Hi <name_redacted> have sent details and screenshot from just now. Thank you,"@customer Hello <name_redacted>, can you try clearing cache and cookies on your browser? If that doesn't work try a different browser instead. Let me know how you get on! TY",,,
11,1,retrieval-review-048,tesco-2848277,"Also @Tesco, my cats say thank you for the box (read: I forgot my bags) <media_or_link>",,"I always say ""no thank you"" to bags at the checkout but they still use these small bags &amp; always too late for me to stop them @Tesco <media_or_link>","@customer Hi <name_redacted>, our cashiers are trained to use them to avoid cross contamination of meat and fish products. 1/2 @customer I'm really sorry you are unhappy with the bags. Can you please DM me your full name, address and email so I can log this? Thanks - Mark 2/2",,,
11,2,retrieval-review-049,tesco-2848277,"Also @Tesco, my cats say thank you for the box (read: I forgot my bags) <media_or_link>",,Hey @Tesco what’s the taurine for? Is this like red bull for cats? <media_or_link>,"@customer Hi <name_redacted>, we're looking into this for you and will be back as soon as possible as to why this is added @customer Hi Dan; Tauring helps to support a healthy heart and eyes in cats. I hope this is of some help - Mat :)",,,
11,3,retrieval-review-050,tesco-2848277,"Also @Tesco, my cats say thank you for the box (read: I forgot my bags) <media_or_link>",,Just went and forgot my @customer at @Tesco after paying for it 😭 was looking forward to the read tonight,"@customer Hi <name_redacted>, If you let me know which store you left the magazine in I could try and track it down for you :).",,,
11,4,retrieval-review-051,tesco-2848277,"Also @Tesco, my cats say thank you for the box (read: I forgot my bags) <media_or_link>",,"@Tesco Hello, do you have any facilities to recycle this mountain of plastic bags at any of your stores? Thank you. <media_or_link>","@customer Hi <name_redacted>, if you let me know your local store I can call to check this out for you? Ty",,,
11,5,retrieval-review-052,tesco-2848277,"Also @Tesco, my cats say thank you for the box (read: I forgot my bags) <media_or_link>",,@Tesco Sorry forgot to say bought the curry on Friday 27 October.,"@customer Hi <name_redacted>, thank you for providing me with those details. I would advise that you delete your tweets, as you've posted publicly. 1/3 @customer I've now documented this on our system, and issued you with a £4.00 Tesco Moneycard. 2/3 @customer Please note, that this can take up to 10 working days to arrive. Regards - Isaac 3/3",,,
11,6,retrieval-review-053,tesco-2848277,"Also @Tesco, my cats say thank you for the box (read: I forgot my bags) <media_or_link>",,"I have to say, very good customer service at @Tesco thank you!","@customer Hi <name_redacted>, I've logged this and arranged for a £1 moneycard to be sent within 30 minutes. If there's anything else, let us know. TY",,,
12,1,retrieval-review-054,tesco-475220,I got the recipe for these biscuits from last years @Tesco Christmas magazine and it is honestly one of the best biscuit recipes I have ever tried; they come out perfect every time and hold their shape so beautifully too. Give them a try: <media_or_link> <media_or_link>,,@Tesco Thank you so much!! You are honestly the best company. So helpful!,"@customer Heh, if you thought that was helpful, I'll do you one better! :D - Robyn <media_or_link>",,,
12,2,retrieval-review-055,tesco-475220,I got the recipe for these biscuits from last years @Tesco Christmas magazine and it is honestly one of the best biscuit recipes I have ever tried; they come out perfect every time and hold their shape so beautifully too. Give them a try: <media_or_link> <media_or_link>,,@Tesco Is this the best recipe suggestion you can come up with for nuts? Sprinkle them on meat &amp; fish? #vegan #govegan <media_or_link>,"@customer Hi <name_redacted>, I'm really sorry that you are unhappy with the serving suggestions on the packs of Tesco Whole Food nuts. 1/2 @customer I'd like to log your concerns that there are no vegetarian suggestions. Can you please DM Me your full name, address and email? TY-Paul 2/2",,,
12,3,retrieval-review-056,tesco-475220,I got the recipe for these biscuits from last years @Tesco Christmas magazine and it is honestly one of the best biscuit recipes I have ever tried; they come out perfect every time and hold their shape so beautifully too. Give them a try: <media_or_link> <media_or_link>,,"@Tesco on real food it states customer recipe, can we upload our own recipes for others to try out #everylittlehelps","@customer You certainly can Nick, you just need to log in to do! Any recipe you had in mind? #EveryLittleHelps <media_or_link>",,,
12,4,retrieval-review-057,tesco-475220,I got the recipe for these biscuits from last years @Tesco Christmas magazine and it is honestly one of the best biscuit recipes I have ever tried; they come out perfect every time and hold their shape so beautifully too. Give them a try: <media_or_link> <media_or_link>,,@Tesco have you changed the recipe of these? The ones I had last night were a different shape and had no taste! <media_or_link>,"@customer Hi <name_redacted>, I'm sorry you didn't enjoy your bacon rashers last night. I have asked my support team to look into this and will get back to you ASAP to let you know :-) TY @customer Hi again Simon, my support team have come back to me and have informed there has been a slight modification to the recipe since last August. There has been a new bacon seasoning added. 1/2 @customer I can log your feedback on our system to inform them of your comments. If you send me some info in a DM I can do this. I would need your full name, address and postcode as well as which store you purchased the bacon rashers. TY - Steph 2/2",,,
12,5,retrieval-review-058,tesco-475220,I got the recipe for these biscuits from last years @Tesco Christmas magazine and it is honestly one of the best biscuit recipes I have ever tried; they come out perfect every time and hold their shape so beautifully too. Give them a try: <media_or_link> <media_or_link>,,@Tesco Why have you discontinued your Tesco Finest Katsu curry!? It was the best one ever!,"@customer Hi <name_redacted>, could you please let us know which store you visit for shopping and I will look into this for you? TY",,,
13,1,retrieval-review-059,tesco-2905888,@Tesco Do Widnes have LEGO Police Station 60141?,,"@Tesco I ordered 2x LEGO 60052, collected via click and collect then took home to find 2x LEGO 60051! £80 difference in value.... <media_or_link>","@customer Hi <name_redacted>. Sorry about this. Please send me a DM with your full name, address and order number so I can help you. Neil",,,
13,2,retrieval-review-060,tesco-2905888,@Tesco Do Widnes have LEGO Police Station 60141?,,@Tesco Hi it was Station Road,"@customer Hi <name_redacted>, I have checked it for you. Please return to the store with your receipt and voucher provided. TY",,,
13,3,retrieval-review-061,tesco-2905888,@Tesco Do Widnes have LEGO Police Station 60141?,,@Tesco I have not but I am considering police action,"@customer Hi there, thanks for letting me know. We'll be happy to co-operate with any police action taken. 1/2 @customer If this happens in the future, please let a member of staff or security know. I'm so sorry this happened to you. TY - Robyn 2/2",,,
13,4,retrieval-review-062,tesco-2905888,@Tesco Do Widnes have LEGO Police Station 60141?,,@Tesco Small and large trolley it a joke You loss not mine end up only going in for essentials 3 trolleys next to Rotherhithe police station,"@customer Hi there, I've spoken with the store and they are aware of this situation. 1/3 @customer It is being dealt with, however, sometimes they can't oversee customers taking trolleys away. 2/3 @customer Could you please let me know whether these trolleys next Rotherhithe police station are still there? TY - Eve 3/3",,,
13,5,retrieval-review-063,tesco-2905888,@Tesco Do Widnes have LEGO Police Station 60141?,,@Tesco May I DM you the station?,"@customer Hi there, you certainly can. :)",,,
14,1,retrieval-review-064,tesco-2846456,@Tesco how can I make a complaint about the Customer Service desk at your Bishops Stortford store? TIA,,@Tesco can I please get a reply to my DM? I would like to make a complaint about the service I have received!,"@customer Hi Róisín, I've responded to your DM. Regards",,,
14,2,retrieval-review-065,tesco-2846456,@Tesco how can I make a complaint about the Customer Service desk at your Bishops Stortford store? TIA,,@Tesco how do I make a complaint please?,@customer Hi <name_redacted>. I'm sorry you have something to complain about. 1/2 @customer Could you please specify what the complaint is and I can see if I can resolve it for you. Thanks Calum,,,
14,3,retrieval-review-066,tesco-2846456,@Tesco how can I make a complaint about the Customer Service desk at your Bishops Stortford store? TIA,,@Tesco - how do I make a formal complaint,"@customer Hi <name_redacted>, If you could DM us and let us know what has happened we will be able to look into it for you. Thanks",,,
14,4,retrieval-review-067,tesco-2846456,@Tesco how can I make a complaint about the Customer Service desk at your Bishops Stortford store? TIA,,@Tesco Please can you tell me how I can contact the store manager of a Tesco Metro store to make a complaint?,"@customer Hi <name_redacted>, if you could DM some details about yourself and store in question. I could organize for a manager to give you a call. Lawrence",,,
15,1,retrieval-review-068,tesco-590187,@Tesco @customer Shrivelled luke-warm spud with an after thought of three day old salad. This is legendary 😂 <media_or_link>,"[Customer] 40 minute wait for our order of 1 all day breakfast, 1 jacket potato and 2 kids meals in the café at @Tesco earlier. This was what the all day breakfast looked like. Now, I wasn't expecting anything of @customer quality, but all the same. Hmmn, glaze of lard 😂 <media_or_link>","@Tesco See earlier in our conversation, it's the same error",@customer Hi <name_redacted>. It seems strange that it works for us here but not on your end. Have you tried another computer or device? This would help narrow down where the problem is. Thanks,,,
15,2,retrieval-review-069,tesco-590187,@Tesco @customer Shrivelled luke-warm spud with an after thought of three day old salad. This is legendary 😂 <media_or_link>,"[Customer] 40 minute wait for our order of 1 all day breakfast, 1 jacket potato and 2 kids meals in the café at @Tesco earlier. This was what the all day breakfast looked like. Now, I wasn't expecting anything of @customer quality, but all the same. Hmmn, glaze of lard 😂 <media_or_link>",@Tesco I wasnt expecting to need to get a refund or contact you. I thought the quality was good,"@customer Hi <name_redacted>, my colleagues at store of purchase can get a receipt if a Clubcard or debit/credit card used, within 30 days of transaction.",,,
15,3,retrieval-review-070,tesco-590187,@Tesco @customer Shrivelled luke-warm spud with an after thought of three day old salad. This is legendary 😂 <media_or_link>,"[Customer] 40 minute wait for our order of 1 all day breakfast, 1 jacket potato and 2 kids meals in the café at @Tesco earlier. This was what the all day breakfast looked like. Now, I wasn't expecting anything of @customer quality, but all the same. Hmmn, glaze of lard 😂 <media_or_link>","Bonfire night is my fave. Nothing better than wrapping up warm and having hot dogs, jacket potato and mushy peas for tea 😋🎇🍂",@customer Definitely one of the cosiest nights of the year isn't it Harley ☺️ Don't forget the sweet treats 😇🍬🍫 <media_or_link>,,,
16,1,retrieval-review-071,tesco-1986657,"@Tesco Hi <name_redacted>, I’ve replied via DM with my details.","[Customer] Very disappointed with my @Tesco chicken and “chorizo” pasta meal. Not one piece of chorizo found and only 5 tiny pieces of chicken! 😫 <media_or_link> || [Customer] @customer @Tesco Their Italian Kitchen meals are usually sooo good! I love the mac and cheese. I bought two one evening, I dropped the first one and it split all over the kitchen floor. Then I burnt the second one! 😂😭 || [Customer] @customer @Tesco Oh dear lol 😂 I’m actually so gutted about the chorizo. This is almost as bad as the time I had no cookie dough in my Ben &amp; Jerrys ice cream. 😱 || [Tesco] @customer Details include your full name, address, email address, barcode, SC code, store of purchase and price paid? Would you prefer your refund through the post or by email? As for the Ben &amp; Jerry's, I can't imagine the horror. Ty - Reece 2/2 <media_or_link>","@Tesco Not with me, it is just Ben and Jerry's One Love ice-cream","@customer Hi <name_redacted>, thanks for getting in touch we are currently looking into this and will get back to you as soon as we can. Thanks @customer Hi <name_redacted>, I can let you know the store are no longer running this promotion on Ben &amp; Jerry's. 1/2 @customer They are instead running this promotion on Chicago town pizza and Häagen-DazsIce cream. Ty - Darren 2/2",,,
16,2,retrieval-review-072,tesco-1986657,"@Tesco Hi <name_redacted>, I’ve replied via DM with my details.","[Customer] Very disappointed with my @Tesco chicken and “chorizo” pasta meal. Not one piece of chorizo found and only 5 tiny pieces of chicken! 😫 <media_or_link> || [Customer] @customer @Tesco Their Italian Kitchen meals are usually sooo good! I love the mac and cheese. I bought two one evening, I dropped the first one and it split all over the kitchen floor. Then I burnt the second one! 😂😭 || [Customer] @customer @Tesco Oh dear lol 😂 I’m actually so gutted about the chorizo. This is almost as bad as the time I had no cookie dough in my Ben &amp; Jerrys ice cream. 😱 || [Tesco] @customer Details include your full name, address, email address, barcode, SC code, store of purchase and price paid? Would you prefer your refund through the post or by email? As for the Ben &amp; Jerry's, I can't imagine the horror. Ty - Reece 2/2 <media_or_link>",Just spent £5 on Ben and Jerry's ice cream opening it not even 10 minutes after purchase and it's like slush! #fuming @Tesco,"@customer Hi <name_redacted>, I am very sorry about this. We can certainly feed this back to store 1/3 @customer Would it be possible to have a picture of the barcode and date code from the packaging? Please could we have a photo of your receipt? 2/3 @customer Could you also DM us with your name, address, the store you visited and price paid? - Allyn 3/3",,,
16,3,retrieval-review-073,tesco-1986657,"@Tesco Hi <name_redacted>, I’ve replied via DM with my details.","[Customer] Very disappointed with my @Tesco chicken and “chorizo” pasta meal. Not one piece of chorizo found and only 5 tiny pieces of chicken! 😫 <media_or_link> || [Customer] @customer @Tesco Their Italian Kitchen meals are usually sooo good! I love the mac and cheese. I bought two one evening, I dropped the first one and it split all over the kitchen floor. Then I burnt the second one! 😂😭 || [Customer] @customer @Tesco Oh dear lol 😂 I’m actually so gutted about the chorizo. This is almost as bad as the time I had no cookie dough in my Ben &amp; Jerrys ice cream. 😱 || [Tesco] @customer Details include your full name, address, email address, barcode, SC code, store of purchase and price paid? Would you prefer your refund through the post or by email? As for the Ben &amp; Jerry's, I can't imagine the horror. Ty - Reece 2/2 <media_or_link>",@Tesco Please send refund via email __email__ . Here's the barcode &amp; receipt <media_or_link>,"@customer Hi <name_redacted>, please can you delete your last tweet as it contains personal information. Can you DM me the details my colleague requested? Ty - James <media_or_link>",,,
16,4,retrieval-review-074,tesco-1986657,"@Tesco Hi <name_redacted>, I’ve replied via DM with my details.","[Customer] Very disappointed with my @Tesco chicken and “chorizo” pasta meal. Not one piece of chorizo found and only 5 tiny pieces of chicken! 😫 <media_or_link> || [Customer] @customer @Tesco Their Italian Kitchen meals are usually sooo good! I love the mac and cheese. I bought two one evening, I dropped the first one and it split all over the kitchen floor. Then I burnt the second one! 😂😭 || [Customer] @customer @Tesco Oh dear lol 😂 I’m actually so gutted about the chorizo. This is almost as bad as the time I had no cookie dough in my Ben &amp; Jerrys ice cream. 😱 || [Tesco] @customer Details include your full name, address, email address, barcode, SC code, store of purchase and price paid? Would you prefer your refund through the post or by email? As for the Ben &amp; Jerry's, I can't imagine the horror. Ty - Reece 2/2 <media_or_link>","@Tesco Hi <name_redacted>, here's the barcode, the problem is it's being advertised in all the magazines at one price and sold at a much higher price. <media_or_link>","@customer Hi <name_redacted>, I am very sorry that this item was incomplete &amp; you were overcharged. 1/2 @customer Please return to the store and they can arrange for a replacement - Allyn 2/2",,,
16,5,retrieval-review-075,tesco-1986657,"@Tesco Hi <name_redacted>, I’ve replied via DM with my details.","[Customer] Very disappointed with my @Tesco chicken and “chorizo” pasta meal. Not one piece of chorizo found and only 5 tiny pieces of chicken! 😫 <media_or_link> || [Customer] @customer @Tesco Their Italian Kitchen meals are usually sooo good! I love the mac and cheese. I bought two one evening, I dropped the first one and it split all over the kitchen floor. Then I burnt the second one! 😂😭 || [Customer] @customer @Tesco Oh dear lol 😂 I’m actually so gutted about the chorizo. This is almost as bad as the time I had no cookie dough in my Ben &amp; Jerrys ice cream. 😱 || [Tesco] @customer Details include your full name, address, email address, barcode, SC code, store of purchase and price paid? Would you prefer your refund through the post or by email? As for the Ben &amp; Jerry's, I can't imagine the horror. Ty - Reece 2/2 <media_or_link>","@Tesco Hi <name_redacted>, thanks, not keen to dm these details thanks, let me know an appropriate email address I can forward my feedback too? Thanks","@customer Hi <name_redacted>, you can email us at __email__ - Dani :)",,,
17,1,retrieval-review-076,tesco-585177,Well done @Tesco almost everyone except Polish people get the Christmas wishes. Or you just implying that poles will understand english language anyways? #DoubleStandards #everyoneisequalbutsomearemoreequalthanothers <media_or_link>,,"Well done team. Bag packing in Tesco, Bristol. Raising money for @customer <media_or_link>",@customer We hope everyone had fun raising some funds! Well done all 💪 #EveryLittleHelps,,,
17,2,retrieval-review-077,tesco-585177,Well done @Tesco almost everyone except Polish people get the Christmas wishes. Or you just implying that poles will understand english language anyways? #DoubleStandards #everyoneisequalbutsomearemoreequalthanothers <media_or_link>,,@Tesco what is up with the new Christmas POS. Everyone welcome? Where is the Christmas in that. <media_or_link>,@customer I do understand Adam. Can you please advise which store you saw this in? Thanks,,,
17,3,retrieval-review-078,tesco-585177,Well done @Tesco almost everyone except Polish people get the Christmas wishes. Or you just implying that poles will understand english language anyways? #DoubleStandards #everyoneisequalbutsomearemoreequalthanothers <media_or_link>,,Small @Tesco wholemeal loaf on Tuesday 45p on Wednesday 65p almost 50% inflation well done @Tesco,"@customer Hi <name_redacted>, we can check this. Which store did you visit and are you referring to this loaf please? <media_or_link>",,,
17,4,retrieval-review-079,tesco-585177,Well done @Tesco almost everyone except Polish people get the Christmas wishes. Or you just implying that poles will understand english language anyways? #DoubleStandards #everyoneisequalbutsomearemoreequalthanothers <media_or_link>,,@Tesco any chance you have a link to the Merry Christmas everyone cover in the new Christmas advert? :),"@customer Hi there, I'm not certain of the artist covering Shaking Steven's Merry Christmas Everyone. I've passed your question to my support team to find out for you. :) TY @customer Hi there, the singer is an independent artists who at this moment would prefer to remain anonymous while she works on her own material. If you have any other queries please don't hesitate to get in touch :) Thanks, Lawrence",,,
17,5,retrieval-review-080,tesco-585177,Well done @Tesco almost everyone except Polish people get the Christmas wishes. Or you just implying that poles will understand english language anyways? #DoubleStandards #everyoneisequalbutsomearemoreequalthanothers <media_or_link>,,Well done @Tesco - brilliant news. <media_or_link>,"@customer Hi <name_redacted>, Thank you for your lovely comment. TY",,,
18,1,retrieval-review-081,tesco-577442,"@customer Clubcard app already is, would make sense for it to be.",[Customer] @Tesco will TescoPay+ be available for Apple Wallet? || [Customer] @customer Hi <name_redacted>. This is not something we are currently looking into but thank you for your feedback. Thanks,@Tesco Hi <name_redacted> it would be Ilkeston (or Long Eaton) Derbyshire - thank you,"@customer Hi there, I have just spoken to the Duty Manager in Long Eaton and he has told me that you should be able to go into the store in December and redeem your £6. 1/2 @customer I hope this is helpful for you. Is there anything else I can help you with today? Thanks, Calum 2/2",,,
18,2,retrieval-review-082,tesco-577442,"@customer Clubcard app already is, would make sense for it to be.",[Customer] @Tesco will TescoPay+ be available for Apple Wallet? || [Customer] @customer Hi <name_redacted>. This is not something we are currently looking into but thank you for your feedback. Thanks,@Tesco hi do you know when the Clubcard vouchers on the app will be available to spend?,"@customer Hi <name_redacted>, the online statements will be available from the 30th of October :) Kind regards",,,
18,3,retrieval-review-083,tesco-577442,"@customer Clubcard app already is, would make sense for it to be.",[Customer] @Tesco will TescoPay+ be available for Apple Wallet? || [Customer] @customer Hi <name_redacted>. This is not something we are currently looking into but thank you for your feedback. Thanks,It’d be nice if I could have my @Tesco Clubcard in my Apple Wallet... 😏😉 *nudge*,"@customer Sorry Taylor, we're unable to have this merged with the wallet. :(",,,
18,4,retrieval-review-084,tesco-577442,"@customer Clubcard app already is, would make sense for it to be.",[Customer] @Tesco will TescoPay+ be available for Apple Wallet? || [Customer] @customer Hi <name_redacted>. This is not something we are currently looking into but thank you for your feedback. Thanks,"@Tesco Is there a way of adding the Pay + app to my Apple Wallet, like you can with the Clubcard app for access? Else seems abit pointless.","@customer Hey <name_redacted>, Tesco Pay+ cannot be incorporated into Apple Wallet however you can pay + collect your points simultaneously with Tesco Pay+. Mo",,,
19,1,retrieval-review-085,tesco-76260,@Tesco Someone call the cops! Tesco have ripped me off. Probz not the first and won't be the last. Every little helps when it's in Tesco's favour!,"[Customer] @Tesco Those pictures were taken over a month ago. Who keeps old receipts. Now if I knew I would be diddled by Tesco yes. Who expects to be diddled by a major retailer with such low standards. Once, twice, three times a failure, shows that it's you. || [Tesco] @customer Hi there, I understand, but I still want to refund you and report this to the supplier if I can. Please DM me with your full name, address, email address as well as the store you bought it from and the approximate date. Many thanks - Bryan <media_or_link> || [Customer] @Tesco I won't give you my name or address. Are you going to send some heavies round to pound my head in to keep me quiet? Tesco sold this rubbish, i'm not having my private details willy nilly to any stranger who asks. There you go again""approximate date"" I don't have the receipt. || [Tesco] @customer Hi there, sorry but to issue out a refund and to have your comments logged we will need the details requested above. If you would like this taken further, please don't hesitate to contact us. I really wish we could've done more. TY","@Tesco Thank you, I have messaged you with all the info, as requested. No, I don't want my details passed to your supplier.",@customer Hi <name_redacted>. I have responded to your DM. :),,,
19,2,retrieval-review-086,tesco-76260,@Tesco Someone call the cops! Tesco have ripped me off. Probz not the first and won't be the last. Every little helps when it's in Tesco's favour!,"[Customer] @Tesco Those pictures were taken over a month ago. Who keeps old receipts. Now if I knew I would be diddled by Tesco yes. Who expects to be diddled by a major retailer with such low standards. Once, twice, three times a failure, shows that it's you. || [Tesco] @customer Hi there, I understand, but I still want to refund you and report this to the supplier if I can. Please DM me with your full name, address, email address as well as the store you bought it from and the approximate date. Many thanks - Bryan <media_or_link> || [Customer] @Tesco I won't give you my name or address. Are you going to send some heavies round to pound my head in to keep me quiet? Tesco sold this rubbish, i'm not having my private details willy nilly to any stranger who asks. There you go again""approximate date"" I don't have the receipt. || [Tesco] @customer Hi there, sorry but to issue out a refund and to have your comments logged we will need the details requested above. If you would like this taken further, please don't hesitate to contact us. I really wish we could've done more. TY",@Tesco Can you give me an email address and I’ll send full details,"@customer Hi <name_redacted>, you can email our customer service team at __email__. Many thanks",,,
19,3,retrieval-review-087,tesco-76260,@Tesco Someone call the cops! Tesco have ripped me off. Probz not the first and won't be the last. Every little helps when it's in Tesco's favour!,"[Customer] @Tesco Those pictures were taken over a month ago. Who keeps old receipts. Now if I knew I would be diddled by Tesco yes. Who expects to be diddled by a major retailer with such low standards. Once, twice, three times a failure, shows that it's you. || [Tesco] @customer Hi there, I understand, but I still want to refund you and report this to the supplier if I can. Please DM me with your full name, address, email address as well as the store you bought it from and the approximate date. Many thanks - Bryan <media_or_link> || [Customer] @Tesco I won't give you my name or address. Are you going to send some heavies round to pound my head in to keep me quiet? Tesco sold this rubbish, i'm not having my private details willy nilly to any stranger who asks. There you go again""approximate date"" I don't have the receipt. || [Tesco] @customer Hi there, sorry but to issue out a refund and to have your comments logged we will need the details requested above. If you would like this taken further, please don't hesitate to contact us. I really wish we could've done more. TY",@Tesco Thanks Adam.can you send me an email address that I can send it to. Fine to contact the supplier.,"@customer Hi <name_redacted>, you can DM us here if you like. :) Alternatively, you can email __email__ Thanks",,,
19,4,retrieval-review-088,tesco-76260,@Tesco Someone call the cops! Tesco have ripped me off. Probz not the first and won't be the last. Every little helps when it's in Tesco's favour!,"[Customer] @Tesco Those pictures were taken over a month ago. Who keeps old receipts. Now if I knew I would be diddled by Tesco yes. Who expects to be diddled by a major retailer with such low standards. Once, twice, three times a failure, shows that it's you. || [Tesco] @customer Hi there, I understand, but I still want to refund you and report this to the supplier if I can. Please DM me with your full name, address, email address as well as the store you bought it from and the approximate date. Many thanks - Bryan <media_or_link> || [Customer] @Tesco I won't give you my name or address. Are you going to send some heavies round to pound my head in to keep me quiet? Tesco sold this rubbish, i'm not having my private details willy nilly to any stranger who asks. There you go again""approximate date"" I don't have the receipt. || [Tesco] @customer Hi there, sorry but to issue out a refund and to have your comments logged we will need the details requested above. If you would like this taken further, please don't hesitate to contact us. I really wish we could've done more. TY",@Tesco Hi <name_redacted>. I've just DM'd details as requested. Can you keep me updated please as to why this keeps happening? Thanks,"@customer @customer Hi <name_redacted>, I have logged your complaint on our systems and this will be fed back to the store. Ty",,,
19,5,retrieval-review-089,tesco-76260,@Tesco Someone call the cops! Tesco have ripped me off. Probz not the first and won't be the last. Every little helps when it's in Tesco's favour!,"[Customer] @Tesco Those pictures were taken over a month ago. Who keeps old receipts. Now if I knew I would be diddled by Tesco yes. Who expects to be diddled by a major retailer with such low standards. Once, twice, three times a failure, shows that it's you. || [Tesco] @customer Hi there, I understand, but I still want to refund you and report this to the supplier if I can. Please DM me with your full name, address, email address as well as the store you bought it from and the approximate date. Many thanks - Bryan <media_or_link> || [Customer] @Tesco I won't give you my name or address. Are you going to send some heavies round to pound my head in to keep me quiet? Tesco sold this rubbish, i'm not having my private details willy nilly to any stranger who asks. There you go again""approximate date"" I don't have the receipt. || [Tesco] @customer Hi there, sorry but to issue out a refund and to have your comments logged we will need the details requested above. If you would like this taken further, please don't hesitate to contact us. I really wish we could've done more. TY","@Tesco Thanks for swift reply, not fussed about refund. And yes if helps supplier can contact me.","@customer Hi <name_redacted>, thanks for letting us know. We look forward to your DM with the details to feed this back. TY",,,
20,1,retrieval-review-090,tesco-603618,@Tesco It's smaller than it looks; I have tiny child hands.,"[Customer] @Tesco have you thought about a warning system on your online shopping, in case anyone accidentally buys a tiny bottle of champagne? <media_or_link>",@Tesco it looks like it's snowing in my freshly opened bottle of water? <media_or_link>,"@customer Hi <name_redacted>, I am very sorry about this. Please return the bottle to your local Super/Extra/Metro Store, they can do a product report. 1/2 @customer Please let our colleagues on the customer service desk know if you would like a response from head office - Allyn 2/2",,,
20,2,retrieval-review-091,tesco-603618,@Tesco It's smaller than it looks; I have tiny child hands.,"[Customer] @Tesco have you thought about a warning system on your online shopping, in case anyone accidentally buys a tiny bottle of champagne? <media_or_link>",@Tesco Cheers Darren thought that may be the case but thought I'd check.,@customer Don't worry about it! need anything else let me know :) Ty,,,
20,3,retrieval-review-092,tesco-603618,@Tesco It's smaller than it looks; I have tiny child hands.,"[Customer] @Tesco have you thought about a warning system on your online shopping, in case anyone accidentally buys a tiny bottle of champagne? <media_or_link>",@Tesco Help!! I can’t checkout on app or online...anyone else having problems??,"@customer I'm sorry, we're aware of the issue and it has been escalated to IT who are looking to find a resolution as quickly as possible.",,,
20,4,retrieval-review-093,tesco-603618,@Tesco It's smaller than it looks; I have tiny child hands.,"[Customer] @Tesco have you thought about a warning system on your online shopping, in case anyone accidentally buys a tiny bottle of champagne? <media_or_link>","@customer @Tesco Thanks, in that case is it a printing error? It definitely looks like a 6 rather than a 7 or 8....","@customer @customer HI Kirsty, wold you be able to DM us your full name and address and the products bar code please so I can still get this logged. James.",,,
21,1,retrieval-review-094,tesco-502703,@Tesco I swear you couldn’t make it up. #dyingbrand <media_or_link>,,"@Tesco I know how to make it, I just couldn’t be bothered haha convenience is my middle name",@customer I'm sorry we were not able to help you on this occasion. Happy baking though :) Jayne,,,
21,2,retrieval-review-095,tesco-502703,@Tesco I swear you couldn’t make it up. #dyingbrand <media_or_link>,,"@Tesco literally went to collect my order, in my mums name (different surname) and I couldn’t pick it up due to not having the same name 🙄","@customer Hi there, I'm sorry you were unable to collect an order. Sadly my Tesco Direct colleagues have finished for the evening. One of my colleagues will be in touch later today to help resolve this for you. TY",,,
21,3,retrieval-review-096,tesco-502703,@Tesco I swear you couldn’t make it up. #dyingbrand <media_or_link>,,@Tesco Dm sent but I couldn’t attach photo so here it is <media_or_link>,"@customer Hi there, I'm very to learn about this. If you could DM me a few details that's would be great. 1/2 @customer I will need your full name, address, email and let me know if you'd like a Moneycard sent via email or post? Regards",,,
21,4,retrieval-review-097,tesco-502703,@Tesco I swear you couldn’t make it up. #dyingbrand <media_or_link>,,@customer @Tesco Sorry should’ve said barm! Butter!... I couldn’t even find a knife sharp enough to cut the sausages... you can’t make this sh*t up!!,"@customer I'm sorry to see the sausages you purchased were not of the quality you would expect Rob. 1/3 @customer Did you bring this up with my colleagues in the store at the time? Can you advise what was said? Also can you DM some information? 2/3 @customer Your full name, address, price paid and clear copy of your receipt? TY - Jayne 3/3",,,
22,1,retrieval-review-098,tesco-2850028,@Tesco bought a free from loaf to open it up and every single slice can’t be used #dissapointed,,@Tesco every single time <media_or_link>,"@customer Hi <name_redacted>, Very sorry to see that the seal has been broken on your soup. Would you like me to feed this back to the supplier? Kind Regards",,,
22,2,retrieval-review-099,tesco-2850028,@Tesco bought a free from loaf to open it up and every single slice can’t be used #dissapointed,,@Tesco But a baguette IS a loaf of bread. It doesn’t have to be square to be a loaf.,"@customer Hi <name_redacted>, I'm sorry baguettes are not included to redeem this coupon. TY",,,
22,3,retrieval-review-100,tesco-2850028,@Tesco bought a free from loaf to open it up and every single slice can’t be used #dissapointed,,@Tesco I love going to open my gluten free loaf that I bought on thurs to see the best before date is 08/09/17?!?!?!? #whatisgoingon?,"@customer I'm so sorry you were able to purchase a out of date bread from one of our stores Joey! I understand your frustration. 1/4 @customer I would like to log this on our internal system for monitoring &amp; contact the store to ensure this does not happen again. 2/4 @customer To do this can you DM us your name, address, store you visited, product barcode &amp; clear pics of receipt? 3/4 @customer Can you also confirm if you'd like a refund via the post or email? I can then get this refunded for you. - Rocsi 4/4 <media_or_link>",,,
22,4,retrieval-review-101,tesco-2850028,@Tesco bought a free from loaf to open it up and every single slice can’t be used #dissapointed,,@customer @Tesco Every single slice of bread has this black stuff inside it.,"@customer I'm sorry to see the bread you purchased was not of the quality you would expect Haris. I understand how concerning this must be. 1/4 <media_or_link> @customer I would like to issue a refund for you and pass your comments to our supplier. Can you DM some information? 2/4 @customer Your full name, address, barcode, price paid, date code, store visited and clear copy of your receipt? 3/4 @customer Also would it be ok to pass your details to our supplier? TY - Jayne 4/4",,,
23,1,retrieval-review-102,tesco-2896686,@Tesco this is how my Xmas tree was delivered this morning! <name_redacted> appalling!!! I did DM but you can’t be bothered to reply it seems 😡😡😡 <media_or_link>,,@Tesco Hi <name_redacted>. How? Private DM?,"@customer Hi <name_redacted>, that would be the best option, yes.",,,
23,2,retrieval-review-103,tesco-2896686,@Tesco this is how my Xmas tree was delivered this morning! <name_redacted> appalling!!! I did DM but you can’t be bothered to reply it seems 😡😡😡 <media_or_link>,,"@Tesco Hi <name_redacted>, thanks for your reply, I've sent a DM :)","@customer Hi <name_redacted>, I have replied to your private tweet. Thanks - Gemma :)",,,
23,3,retrieval-review-104,tesco-2896686,@Tesco this is how my Xmas tree was delivered this morning! <name_redacted> appalling!!! I did DM but you can’t be bothered to reply it seems 😡😡😡 <media_or_link>,,@Tesco Hi <name_redacted> can you dm me?,"@customer Hi <name_redacted>, please DM us by clicking this link. TY - Olivia <media_or_link>",,,
23,4,retrieval-review-105,tesco-2896686,@Tesco this is how my Xmas tree was delivered this morning! <name_redacted> appalling!!! I did DM but you can’t be bothered to reply it seems 😡😡😡 <media_or_link>,,@Tesco Hi <name_redacted>. Just dm’d. Thanks,"@customer Hi <name_redacted>, Thank you for your details I have sent out a money card via post. This will be with you in the next 10 working days. 1/2 @customer This contains your refund. I hope this helps. Thank you - Brooke 2/2",,,
24,1,retrieval-review-106,tesco-2824379,Really frustrated @Tesco tried yesterday and today to order clothing for pick up. It keeps saying this option is not available! Why give me those as an option!!,,@Tesco @Tesco why can I never buy 4 pint semi skimmed milk on your website? It’s not an available option yet I can walk into the serving store and pick it up?,"@customer Hi, so that I can investigate why this is can you please DM me your full name, address and email address? This must be ever so frustrating and I would like to see what I can do to help. Thanks",,,
24,2,retrieval-review-107,tesco-2824379,Really frustrated @Tesco tried yesterday and today to order clothing for pick up. It keeps saying this option is not available! Why give me those as an option!!,,@Tesco Any reason for this @Tesco ? Had a second email this morning saying my order would be available today. It’s still not available! 😡,"@customer Sorry Michael, can you DM me with your full name, address and order number? TY.",,,
24,3,retrieval-review-108,tesco-2824379,Really frustrated @Tesco tried yesterday and today to order clothing for pick up. It keeps saying this option is not available! Why give me those as an option!!,,@Tesco Hi <name_redacted>. I've just DM'd details as requested. Can you keep me updated please as to why this keeps happening? Thanks,"@customer @customer Hi <name_redacted>, I have logged your complaint on our systems and this will be fed back to the store. Ty",,,
24,4,retrieval-review-109,tesco-2824379,Really frustrated @Tesco tried yesterday and today to order clothing for pick up. It keeps saying this option is not available! Why give me those as an option!!,,@Tesco - I am assuming I can pick up a Click and Collect order for as long as the store is open?,"@customer Hi <name_redacted>, thanks for getting in touch. Can you please tell me if it is a Grocery or Direct order? TY",,,
24,5,retrieval-review-110,tesco-2824379,Really frustrated @Tesco tried yesterday and today to order clothing for pick up. It keeps saying this option is not available! Why give me those as an option!!,,@Tesco are you having trouble with your online account as I can’t check out my shopping? Just keeps saying error,"@customer Hi <name_redacted>. I'm sorry you had trouble checking out, did you manage to check out after? Was there an error message? Thanks",,,
24,6,retrieval-review-111,tesco-2824379,Really frustrated @Tesco tried yesterday and today to order clothing for pick up. It keeps saying this option is not available! Why give me those as an option!!,,@Tesco can i pick up a clothing click and collect for my mum if i bring ID and the email?,"@customer If she doesn’t have Facebook she can send an email to __email__ or call <number_redacted> or <number_redacted>. Cheers – Billy 2/2 @customer Hello <name_redacted>, yes you certainly can, however I would ask your mum to get in touch so we can log this on her order before you visit. 1/2",,,
25,1,retrieval-review-112,tesco-579499,@Tesco I realise 8.45am might not be peak shopping hours at your Airdrie branch but not one till opened? I don’t mind self scanning with a few items but every now and then a little bit of customer service would help! The shop is consistently a joke.,,@Tesco @customer Might even go to #Kilsyth @customer or #Airdrie @AldiUK. The last few years you have really sucked @Tesco. #DoBetter,"@customer Hi <name_redacted>, I'm really sorry for the issues you've been having with our Cumbernauld store, I appreciate why you'd be feeling disappointed. 1/3 @customer I would like to look into this further and also log your feedback with the store to see what we can do to help. 2/3 @customer Can you please DM your full name, address, postcode and email and I will look into this for you? - Alex 3/3",,,
25,2,retrieval-review-113,tesco-579499,@Tesco I realise 8.45am might not be peak shopping hours at your Airdrie branch but not one till opened? I don’t mind self scanning with a few items but every now and then a little bit of customer service would help! The shop is consistently a joke.,,Every other time I order shopping from @Tesco online they just don't deliver a few items but still charge me?,"@customer Hi, <name_redacted> sorry a few items were missing from the order, I appreciate how disappointing this is. Please could you DM your full name &amp; address?",,,
25,3,retrieval-review-114,tesco-579499,@Tesco I realise 8.45am might not be peak shopping hours at your Airdrie branch but not one till opened? I don’t mind self scanning with a few items but every now and then a little bit of customer service would help! The shop is consistently a joke.,,@Tesco think you might need to check your dates better than this. Isn’t it the 21st today? Didn’t realise till I got home. Lovely <media_or_link>,"@customer Hi <name_redacted>, I'm sorry to see that your bread is a couple of days out of date this isn't the quality we aim to achieve for our customers. 1/3 @customer Can you confirm the store of purchase so that I can call the store to have these shelves double checked, I would also like to refund you 2/3 @customer Can you DM me the following details. your name, address, barcode and a full picture of your receipt? Thank you - Brooke 3/3",,,
25,4,retrieval-review-115,tesco-579499,@Tesco I realise 8.45am might not be peak shopping hours at your Airdrie branch but not one till opened? I don’t mind self scanning with a few items but every now and then a little bit of customer service would help! The shop is consistently a joke.,,"@Tesco your Tesco express store in Kilburn is awful. Half self service tills broken, 1 person on the till at peak times #slowservice","@customer Hi <name_redacted>, thanks for contacting us. I'm really sorry to hear this. Can I ask if you have spoken to anyone in store about this? 1/2 @customer Can you please DM me your full name, address and email so I can log this appropriately? Thanks - Mark 2/2",,,
25,5,retrieval-review-116,tesco-579499,@Tesco I realise 8.45am might not be peak shopping hours at your Airdrie branch but not one till opened? I don’t mind self scanning with a few items but every now and then a little bit of customer service would help! The shop is consistently a joke.,,Tesco. Every bit unhelpful. @Tesco 2135hrs and made to self serve as tills closed. Again. Not even customer service !!,@customer Hi <name_redacted>. Could you let me which store you visited? I'd like to have this looked into. Thanks,,,
25,6,retrieval-review-117,tesco-579499,@Tesco I realise 8.45am might not be peak shopping hours at your Airdrie branch but not one till opened? I don’t mind self scanning with a few items but every now and then a little bit of customer service would help! The shop is consistently a joke.,,@Tesco I managed to complete to complete my shop but it 4 hours. And some items didnt register in the basket...It was rather annoying 😥,"@customer Hi <name_redacted>, our IT Team are aware of these issues and working to fix them as soon as possible. I'm sorry for any inconvenience caused.- Mike",,,
