display_order,case_id,sample_slice,conversation_id,tweet_id,created_at,message,prior_context,challenge_flags,intent_label,secondary_intent,handling_label,reason_code,risk_tags,must_include,must_avoid,annotator_id,annotation_notes
1,tesco-2950175,natural,2950175,2950175,Wed Nov 29 17:13:11 +0000 2017,@Tesco <media_or_link>,,image_or_link_dependent;short_message,,,,,,,,,
2,tesco-1726133,natural,1726133,1726133,Thu Nov 30 17:57:14 +0000 2017,@Tesco should be called scan and don't go. 3 times I've tried 3 times I've ended upscanning my shopping again. My club card no longer works in the kiosk and 3 calls to club card and 45 mins in store and still not working. Better training for staff required on error codes.,,repeated_failure,,,,,,,,,
3,tesco-570535,natural,570535,570535,Sat Dec 02 20:23:00 +0000 2017,@Tesco Someone in Tesco can’t spell! <media_or_link>,,image_or_link_dependent,,,,,,,,,
4,tesco-585163,natural,585163,585163,Sun Dec 03 13:02:51 +0000 2017,"Never use @Tesco direct. I ordered an item Thursday, due Saturday and it’s still not at the store! Apparently the cage is missing! Unbelievable. #notgoodenough",,repeated_failure,,,,,,,,,
5,tesco-2699352,challenge,83775,2699352,Mon Nov 27 21:25:41 +0000 2017,@Tesco Many thanks private message sent,"[Customer] @Tesco Can only see it up to 23rd and all unavailable when is the 24th releaaed to delivery saver customers in the hope I can get one of those! || [Tesco] @customer Hi <name_redacted>, Christmas Eve slots are only available for customer's that are covered by our Customer Fulfilment Centres and are available now for our Delivery Saver customers. Ty || [Customer] @Tesco Ty James have just been on again this morning and bow the 24th is showing for my store but surprise surprise there is no longer any availability! It was definitely not showing yesterday so been added since I last logged in! Beginning to think my delivery saver is a waste of time || [Tesco] @customer Hello, I am very sorry the slot has gone for the 24th. Can you DM us your full name, email address and full home address details from your account so we can look into this further for you? Thanks",account_or_order;repeated_failure;short_message,,,,,,,,,
6,tesco-516771,natural,516771,516771,Fri Dec 01 20:14:55 +0000 2017,@Tesco I placed a Tesco direct order and was due to collect the item on Wednesday but I still haven't had any confirmation that it has arrived in store. Please help. I need it!!!,,punctuation_heavy;repeated_failure;strong_distress,,,,,,,,,
7,tesco-504344,natural,504344,504344,Fri Dec 01 18:43:39 +0000 2017,So mad! @Tesco doing 5 for €5 and I’ve just gotten home and realised I was charged for every item individually 😡😡😡,,money,,,,,,,,,
8,tesco-2824379,natural,2824379,2824379,Sun Nov 26 10:09:58 +0000 2017,Really frustrated @Tesco tried yesterday and today to order clothing for pick up. It keeps saying this option is not available! Why give me those as an option!!,,punctuation_heavy;strong_distress,,,,,,,,,
9,tesco-628221,natural,628221,628221,Wed Nov 22 14:57:42 +0000 2017,@Tesco I’ve been charged for a meal I returned as it was a bad substitute what do I do?!,,money,,,,,,,,,
10,tesco-496166,natural,496166,496166,Mon Nov 27 12:45:47 +0000 2017,"@Tesco I ordered something on direct yesterday to my old address by accident, wouldn't let me change or cancel online so rang up. the bloke told me there was nothing he could do so I've paid for an item that's being delivered to my old address which I've no access to?",,,,,,,,,,,
11,tesco-552728,natural,552729,552728,Sat Dec 02 18:13:36 +0000 2017,@Tesco .... still nothing!! Great start to Christmas @Tesco,[Customer] @Tesco so angry! Paid for express delivery before 2. Christmas tree. Not turned up! No one can do anything till monday!! Waste of space!!! Disappointed mommy and kids!!!!,account_or_order;repeated_failure;strong_distress,,,,,,,,,
12,tesco-479890,natural,479890,479890,Fri Dec 01 11:40:54 +0000 2017,"@Tesco Hello..quick note to say how constantly impressed we are with the store in Sandy, Beds.. Really good store and the staff are so helpful and friendly. A job well done!",,,,,,,,,,,
13,tesco-89598,natural,89600,89598,Thu Nov 30 11:07:01 +0000 2017,"My parcels missing, I’m wondering why I bothered to stay in at all The morning came and went, and I didn’t see @customer at all And even if they turned up now, there’s no one in the house It reminds me, to do @Tesco click and collect, to click and collect my order next time","[Customer] Dear @customer, I messaged you, but you still ain't replyin' I left my name, a screenshot and my parcel number at the bottom I sent these messages last night, you must not've got 'em There was probably a problem at the Dunstable depot or somethin? || [Customer] @customer Sometimes I miss parcels and messages too.. when I get 'em But anyways, forget it, what's been up man? How’s my parcel?",account_or_order;repeated_failure,,,,,,,,,
14,tesco-2820812,natural,2820812,2820812,Sun Nov 26 16:50:34 +0000 2017,@Tesco my Dad had an email from __email__ about a clubcard voucher that’s about the expire. I’ve checked his account and he doesn’t. Is this email real or a scam?,,account_or_order;money,,,,,,,,,
15,tesco-64413,challenge,64421,64413,Thu Nov 30 12:53:37 +0000 2017,"@Tesco No, I dont have the receipt. Bit would have used my Clubcard, can I DM you to look into for me please?","[Customer] Hi can anyone tell me if this is wear and tear just @Tesco says it but in 3 weeks boots should never go like that in 3 week so everyone stay away from Tesco F&amp;F stuff for kids <media_or_link> || [Customer] @customer @Tesco My son's school shoes, new in September! <media_or_link> || [Tesco] @customer Hi <name_redacted>, I would have expected your son's shoe to last longer than this. Have you been in contact with one of our stores to let them know about this? Thanks",account_or_order;context_dependent,,,,,,,,,
16,tesco-2899807,natural,2899807,2899807,Tue Nov 28 17:18:58 +0000 2017,@Tesco #tesco Thanks for the cat treats <media_or_link>,,image_or_link_dependent,,,,,,,,,
17,tesco-562470,natural,562470,562470,Sat Dec 02 16:37:49 +0000 2017,Tesco delivery vehicle both parked blocking road and parked across pavement driver abusive when challenged @Tesco please retrain and have a word with driver about his attitude <media_or_link>,,account_or_order;image_or_link_dependent,,,,,,,,,
18,tesco-599505,natural,599505,599505,Sun Dec 03 12:33:42 +0000 2017,Having to go and brave the crowds and have dinner out cause @Tesco failed to deliver half my order and can't bring it til 7pm 🤤😓,,,,,,,,,,,
19,tesco-2890034,challenge,2890036,2890034,Tue Nov 28 14:16:33 +0000 2017,@Tesco And after a 30 min wait now tell me they don’t have it 😡,"[Customer] @Tesco go to buy switch game that is advertised ‘we don’t display them, what game is it I will look in back’ comes out ‘I need keys’ disappeared again for 20mins still not back .. not good enough",repeated_failure,,,,,,,,,
20,tesco-576221,natural,576221,576221,Sat Dec 02 22:03:33 +0000 2017,"If Aldi can do this on Xmas eve, there's no reason why all supermarkets can't give their surplus to the homeless at any time. Come on supermarkets, start doing it @Tesco @sainsburys @customer @customer - who's gonna go first? #TOOMUCHWASTE <media_or_link>",,image_or_link_dependent,,,,,,,,,
21,tesco-2848270,natural,2848270,2848270,Mon Nov 27 16:09:58 +0000 2017,"Hi @Tesco, 🙋🏾‍♂️ why the 50% increase? Thank you in advance for your clear and honest explanation. Xx <media_or_link>",,image_or_link_dependent,,,,,,,,,
22,tesco-2892572,challenge,2892572,2892572,Tue Nov 28 15:01:59 +0000 2017,Thanks to @Tesco leaving plastic on the floor my already injured ankle is now even more painful due to my crutches slipping on their rubbish! 😫😡 #TescoComplaint,,injury_or_allergy,,,,,,,,,
23,tesco-2964734,challenge,2964734,2964734,Wed Nov 29 20:11:52 +0000 2017,@Tesco great job on policing your double yellow lines outside your Wishaw Store No badge or driver. Aw some! <media_or_link>,,image_or_link_dependent,,,,,,,,,
24,tesco-74931,natural,74931,74931,Wed Nov 29 10:22:12 +0000 2017,"@Tesco Trying to order 2x Echo Dot on the website. Price says £34, but when I add to my basket, price goes up to £49. What gives?? <media_or_link>",,image_or_link_dependent;money,,,,,,,,,
25,tesco-2935489,natural,2935489,2935489,Wed Nov 29 08:36:26 +0000 2017,"Didn’t know the ingredients included a piece of string, fucking grim 😷 @Tesco <media_or_link>",,image_or_link_dependent;strong_distress,,,,,,,,,
26,tesco-76260,challenge,76267,76260,Fri Dec 01 13:21:44 +0000 2017,@Tesco Someone call the cops! Tesco have ripped me off. Probz not the first and won't be the last. Every little helps when it's in Tesco's favour!,"[Customer] @Tesco Those pictures were taken over a month ago. Who keeps old receipts. Now if I knew I would be diddled by Tesco yes. Who expects to be diddled by a major retailer with such low standards. Once, twice, three times a failure, shows that it's you. || [Tesco] @customer Hi there, I understand, but I still want to refund you and report this to the supplier if I can. Please DM me with your full name, address, email address as well as the store you bought it from and the approximate date. Many thanks - Bryan <media_or_link> || [Customer] @Tesco I won't give you my name or address. Are you going to send some heavies round to pound my head in to keep me quiet? Tesco sold this rubbish, i'm not having my private details willy nilly to any stranger who asks. There you go again""approximate date"" I don't have the receipt. || [Tesco] @customer Hi there, sorry but to issue out a refund and to have your comments logged we will need the details requested above. If you would like this taken further, please don't hesitate to contact us. I really wish we could've done more. TY",money;repeated_failure,,,,,,,,,
27,tesco-2267056,natural,2267056,2267056,Fri Dec 01 11:36:51 +0000 2017,Anyone else find the new and 'improved' @Tesco website terrible? 2 hours to do online food shop is ridiculous! Considering cancelling saver deliver and moving to @sainsburys deliveries. Heard good things about them.,,,,,,,,,,,
28,tesco-497781,natural,497781,497781,Fri Dec 01 17:30:26 +0000 2017,"Tescos finest mince pies where next up for the testing. They look picture perfect, have a buttery pastry and a nice sugar sprinkle! Just more filling and they'd be 5 star! @Tesco <media_or_link>",,image_or_link_dependent,,,,,,,,,
29,tesco-2855864,challenge,2855864,2855864,Mon Nov 27 17:59:09 +0000 2017,@Tesco aplease could you tell me the minimum weight of your salmon fillets sold over the counter. The skinless and (allegedly) boneless ones (mine had a massive vertebra left in it!). Thanks.,,food_safety,,,,,,,,,
30,tesco-577439,natural,577439,577439,Sat Dec 02 23:44:17 +0000 2017,@Tesco never seen a worse looking tower of profiteroles... looks like a turd dropped on some choux pastry!?! <media_or_link>,,image_or_link_dependent;punctuation_heavy,,,,,,,,,
31,tesco-79513,natural,79513,79513,Thu Nov 30 12:36:37 +0000 2017,"@Tesco state of this, seen more chicken at a vegan dinner party 😫 <media_or_link>",,image_or_link_dependent,,,,,,,,,
32,tesco-2937805,natural,2937805,2937805,Wed Nov 29 11:17:25 +0000 2017,@customer @Tesco Thank you for supporting our Christmas Fayre. The baking and making has begun <media_or_link>,,image_or_link_dependent,,,,,,,,,
33,tesco-106393,natural,106393,106393,Thu Nov 30 18:31:11 +0000 2017,@Tesco Hi. Just bought a Lindor advent calendar for my gf. Got it home and it's wet under the wrapping.Cardboard is falling apart.,,,,,,,,,,,
34,tesco-2908618,natural,2908618,2908618,Tue Nov 28 17:12:39 +0000 2017,@Tesco I’m quite annoyed that online is advertising FIFA 18 for £36. But having gone to the store to buy a copy only to be charged £49.99 😡 <media_or_link>,,image_or_link_dependent;money,,,,,,,,,
35,tesco-2839331,challenge,2839332,2839331,Mon Nov 27 16:00:30 +0000 2017,@Tesco Yes!! Never to be seen again?,"[Customer] @Tesco shocked to see you stopped the bourbon beef &amp; cheesy mash ready meals! They were a huge faveourite! 😣 was offered liver and mash as replacement 😝😝😝 || [Tesco] @customer Hi <name_redacted>, I'm sorry to hear this. Is this the ready meal you mean? <media_or_link> Ty, Andy",context_dependent;punctuation_heavy;repeated_failure;strong_distress,,,,,,,,,
36,tesco-2934771,natural,2934771,2934771,Wed Nov 29 08:06:09 +0000 2017,"@Tesco your turkey and trimmings sandwich, just had turkey spinach and cranberry inside. Where's the bacon and stuffing at",,,,,,,,,,,
37,tesco-1971968,natural,1971968,1971968,Sun Nov 26 04:34:07 +0000 2017,Hey @Tesco @customer @sainsburys and @Morrisons ... Which of you are gonna be my wife's Xmas stocking hero and tell me you stock MD 20/20? Promised her a bottle but cant find any!,,,,,,,,,,,
38,tesco-2885411,natural,2885411,2885411,Tue Nov 28 01:01:22 +0000 2017,"Dear @Tesco - I bought a homeless guy a sandwich meal deal and a bar of chocolate just... he couldn’t go in store to buy his own. Security moved him on before I managed to give him the sandwich. Bit shit, especially coming up to Christmas.. Want to buy the sandwich back??",,strong_distress,,,,,,,,,
39,tesco-568003,natural,568003,568003,Sat Dec 02 19:44:29 +0000 2017,@Tesco Has your ‘lovingly made’ range ever seen any love! So bland and disappointing for a Saturday night! Hope the pizzas are better!!!!,,punctuation_heavy;strong_distress,,,,,,,,,
40,tesco-2920812,natural,2920812,2920812,Tue Nov 28 18:22:01 +0000 2017,Bravo @Tesco! Your Healthy Hoi-Sin Duck microwave meal is delicious! Best pop in the microwave tea I've had!,,punctuation_heavy,,,,,,,,,
41,tesco-2960691,challenge,2960692,2960691,Wed Nov 29 20:58:55 +0000 2017,@Tesco I have dmed the details over thanks for the help,"[Customer] @Tesco I wasn’t looking for a pet caterpillar when I brought a lettuce from you yesterday!!! No receipt as my local doesn’t automatically give them and I didn’t think I’d have any problems with a lettuce. Very disappointed had to throw the whole thing away! <media_or_link> || [Tesco] @customer Do you recall a use by date for the Lettuce? Can you DM with full name, address &amp; email? Is it ok to pass your details to supplier? Would you like refund by email or post. TY - Rhuari 2/2",money;strong_distress,,,,,,,,,
42,tesco-2827775,natural,2827775,2827775,Sun Nov 26 22:24:43 +0000 2017,@Tesco will not be buying from your bakery again as you obviously have issues within your company regarding health and safety! I would like some sort of compensation for this as i cannot believe this would happen in one of your stores!,,money;repeated_failure,,,,,,,,,
43,tesco-2846465,natural,2846465,2846465,Mon Nov 27 15:21:51 +0000 2017,@Tesco How long does it take to convert points to Avios vouchers? I've been waiting over a week now... Thanks.,,money,,,,,,,,,
44,tesco-504331,natural,504331,504331,Fri Dec 01 16:06:50 +0000 2017,@Tesco any idea why a game I preordered months ago that’s released today hasn’t even been DISPATCHED?! Won’t bother pre ordering again with you.,,repeated_failure,,,,,,,,,
45,tesco-454997,natural,454997,454997,Sun Nov 12 23:25:35 +0000 2017,"@Tesco can Hi— Shepherd’s Bush Tesco Express that states it’s open Monday to Sunday 7am- midnight has been shut since 11, why? 😭",,,,,,,,,,,
46,tesco-536216,natural,536216,536216,Sat Dec 02 08:57:43 +0000 2017,Can you confirm what time booking opens as there’s no slots available yet!! @Tesco <media_or_link>,,image_or_link_dependent;strong_distress,,,,,,,,,
47,tesco-475220,challenge,475220,475220,Wed Nov 29 21:15:15 +0000 2017,I got the recipe for these biscuits from last years @Tesco Christmas magazine and it is honestly one of the best biscuit recipes I have ever tried; they come out perfect every time and hold their shape so beautifully too. Give them a try: <media_or_link> <media_or_link>,,image_or_link_dependent;repeated_failure,,,,,,,,,
48,tesco-1868285,challenge,1868297,1868285,Sun Nov 26 07:48:00 +0000 2017,@customer @Tesco Did you have an email to access? I log on and can't even see ymthose dates to see if they are sold out or not in my area.,[Customer] @tesco rumours online are that the priority Xmas delivery go online soon but you need an email to book. I only signed up yesterday will I still have access to these and how do I Book? || [Customer] @customer @Tesco They went on at midnight and all gone,account_or_order;repeated_failure,,,,,,,,,
49,tesco-2896686,natural,2896686,2896686,Tue Nov 28 13:36:09 +0000 2017,@Tesco this is how my Xmas tree was delivered this morning! <name_redacted> appalling!!! I did DM but you can’t be bothered to reply it seems 😡😡😡 <media_or_link>,,context_dependent;image_or_link_dependent;punctuation_heavy;strong_distress,,,,,,,,,
50,tesco-573793,natural,573793,573793,Sun Dec 03 01:47:01 +0000 2017,When your local @Tesco says they're 24 hr so you drive there for snacks and they're closed 🙃,,,,,,,,,,,
51,tesco-2841165,challenge,2841165,2841165,Mon Nov 27 13:16:49 +0000 2017,@Tesco ... give us a clue 🤔 #tofreezeornottofreeze thanks 😅 <media_or_link>,,image_or_link_dependent,,,,,,,,,
52,tesco-2913751,natural,2913751,2913751,Tue Nov 28 19:45:20 +0000 2017,Does anyone know who to complain to about @Tesco witholding my money? #fraud #help,,money,,,,,,,,,
53,tesco-454716,natural,454716,454716,Thu Nov 30 21:47:47 +0000 2017,Hey @Tesco I have just found a piece of rope in my Green Thai Chicken soup. I only wanted to enjoy my dinner for one... no strings attached. #stillhungry <media_or_link>,,image_or_link_dependent,,,,,,,,,
54,tesco-93970,natural,93970,93970,Thu Nov 30 15:43:14 +0000 2017,@Tesco You don't sell fresh turkeys.,,,,,,,,,,,
55,tesco-2930442,challenge,2930445,2930442,Tue Nov 28 22:02:16 +0000 2017,A big trusted brand like @tesco I expect better no wonder people flock to Aldi these days I’m fuming with this,"[Customer] Absolutely disgusting in this day and age, me n my bird going to be ill now. Bought prawns from your Tesco extra in Blackpool ate almost all before realising the use by date was 3 days ago what the hell? This is dangerous with sea food, disgraceful @Tesco <media_or_link>",injury_or_allergy;strong_distress,,,,,,,,,
56,tesco-446932,challenge,446932,446932,Thu Nov 30 18:53:55 +0000 2017,@Tesco loved chopping up all the chicken and veg cooking it and then just having to eat it as the two packs of corn fajitas wraps were mouldy waste of my time and money on ingredients <media_or_link>,,food_safety;image_or_link_dependent;money,,,,,,,,,
57,tesco-2871186,natural,2871186,2871186,Mon Nov 27 20:07:26 +0000 2017,"@Tesco I just paid £5 for 200 g of smoked salmon... where is the rest of it?!?! Not happy Tesco! Saw it on offer and treated myself, now feeling very ripped off. Tesco please advise!! @customer <media_or_link>",,image_or_link_dependent;money;punctuation_heavy;strong_distress,,,,,,,,,
58,tesco-2957901,natural,2957901,2957901,Wed Nov 29 15:48:24 +0000 2017,@Tesco thanks for the quick delivery but you left the security tag on the jacket ...now what?is there away I can remove it myself? <media_or_link>,,account_or_order;image_or_link_dependent,,,,,,,,,
59,tesco-502703,natural,502703,502703,Tue Nov 28 08:05:02 +0000 2017,@Tesco I swear you couldn’t make it up. #dyingbrand <media_or_link>,,image_or_link_dependent,,,,,,,,,
60,tesco-2830203,natural,2830203,2830203,Mon Nov 27 00:11:24 +0000 2017,@Tesco really not happy xmas delivery slots available early hours so you expect your customers to stay awake! Def switch!,,account_or_order,,,,,,,,,
61,tesco-535394,natural,535394,535394,Sat Dec 02 11:12:37 +0000 2017,Yo @Tesco - have you stopped stocking Quorn chicken breast style fillets? Haven’t been able to get them for weeks now... 😒,,,,,,,,,,,
62,tesco-518960,natural,518960,518960,Fri Dec 01 22:41:59 +0000 2017,@Tesco Absolutely disgusted with the lack of care and customer services. Shopping has not turned up and I've had to call several times chasing it. Customer for 15 years &amp; have been treated appallingly. #shambles #uncaring,,repeated_failure,,,,,,,,,
63,tesco-2611817,natural,2611817,2611817,Fri Nov 17 10:09:35 +0000 2017,@Tesco regarding saving stamps in rainham essex and lakeside essex stores what is happening with these machines no stamps for 2 + months people rely on these especially for Christmas please advise,,,,,,,,,,,
64,tesco-2888931,natural,2888931,2888931,Tue Nov 28 08:27:21 +0000 2017,Service in your bury store @Tesco this morning was embarrassing. Walked out without my shopping and went elsewhere #rude staff,,,,,,,,,,,
65,tesco-555532,natural,555532,555532,Sat Dec 02 19:18:07 +0000 2017,@Tesco please can you tell me the name of your furniture courier in Sheffield?,,,,,,,,,,,
66,tesco-2883065,natural,2883065,2883065,Mon Nov 27 21:41:48 +0000 2017,@Tesco what type of bottle opener works for this?? Delivered in my online order earlier this evening <media_or_link>,,image_or_link_dependent,,,,,,,,,
67,tesco-2888917,challenge,2888910,2888917,Tue Nov 28 21:10:43 +0000 2017,@Tesco On the actual Tesco website,"[Customer] @Tesco <media_or_link> || [Tesco] @customer Hi <name_redacted>, I'm really sorry for the wasted journey today. The £20 price has been added in error I'm afraid and I've sent details to our team to have the price updated to £34. Best wishes. Mike || [Customer] @Tesco Isn’t that classed as false advertising?! || [Tesco] @customer Hi <name_redacted>, before I can investigate this for you, I'd need you to confirm where you got that screenshot from (eg Google search, Tesco Website)",money;short_message,,,,,,,,,
68,tesco-2898277,natural,2898277,2898277,Tue Nov 28 14:54:24 +0000 2017,@tesco also chicken skewers coated in coconut with a Satay dip. The breaded chicken skewers currently available are a very poor replacement,,,,,,,,,,,
69,tesco-77780,natural,77780,77780,Wed Nov 29 22:39:33 +0000 2017,"@Tesco - Hi, <name_redacted> I order 3 items and within a few days you do a 3for2 promotion that covers those items; will you honour it and refund one?",,money,,,,,,,,,
70,tesco-1773780,challenge,1773782,1773780,Tue Nov 28 07:37:43 +0000 2017,"@Tesco Hi <name_redacted>, Yes, this isn’t the first time this store has had problems! I’m happy to receive it via email :)",[Customer] @Tesco selling out of date crisps again I see! 😂 <media_or_link> || [Tesco] @customer Has this happened before with this particular store? I would like to offer you a few extra quid as a goodwill gesture for this happening. What method would you like to receive your refund by - email or by post? TY - Rhuari 2/2,food_safety;money;repeated_failure,,,,,,,,,
71,tesco-547281,challenge,547281,547281,Sat Dec 02 16:11:29 +0000 2017,@Tesco you should do this <media_or_link>,,image_or_link_dependent;short_message,,,,,,,,,
72,tesco-2784862,natural,2784862,2784862,Sun Nov 26 12:42:56 +0000 2017,Waited in for our @Tesco delivery yesterday which was due <number_redacted>. We did not receive our order by 2100. Long story short we were told it would be with us today between <number_redacted>. Guess what no delivery! Utterly appalled #BoycottTesco #disappointed,,account_or_order,,,,,,,,,
73,tesco-2943803,natural,2943803,2943803,Wed Nov 29 09:21:59 +0000 2017,@Tesco trying to buy something online and it’s stuck at the “add new card” section....,,,,,,,,,,,
74,tesco-2964726,challenge,2964726,2964726,Wed Nov 29 21:34:13 +0000 2017,@Tesco love it when I’m eating nuts and find a nice bug in my packet. Who says Christmas doesn’t come in November?,,food_safety,,,,,,,,,
75,tesco-2963388,challenge,2963389,2963388,Wed Nov 29 17:30:13 +0000 2017,@customer @Tesco So still no parcel and now the @Tesco employee has basically said they wish they didn't offer the service as they cannot cope!!!! Not what a customer wants to hear after being stood for 20 minutes..! Absolutely furious 😡😡😡😡,"[Customer] @customer @Tesco waiting to collect my parcel, what a nightmare. Will never use click n collect at tesco again, spent 5 minutes waiting for a member of staff to help then took 10 minutes to try and locate my parcel. Appalling service. #NotHappy",punctuation_heavy;repeated_failure;strong_distress,,,,,,,,,
76,tesco-541729,natural,541729,541729,Sat Dec 02 11:58:00 +0000 2017,"@Tesco What a farce in Hanley Tesco this morning used hand scanner and bagged all shopping seemed to be a problem with tills as we had to wait 10 minutes to get to till,woman took scanner to the till to register the shopping and then said we had to rescan all shopping. Annoyed",,,,,,,,,,,
77,tesco-2946158,challenge,2946159,2946158,Wed Nov 29 16:00:35 +0000 2017,@Tesco I believe this may have been the case. It has now changed to ‘Ready For Collection’. Thanks for your help,"[Customer] @Tesco Any idea why part of my Click&amp;Collect order would be showing as Collected when I haven’t even been in to pick it up as of yet? || [Tesco] @customer Hi <name_redacted>. It may be that this is the status when it has been delivered to store but if you can DM me your full name, address and order number I'll double check for you? Ty",account_or_order,,,,,,,,,
78,tesco-2818165,natural,2818165,2818165,Sun Nov 26 16:16:09 +0000 2017,"@Tesco Hello Tesco, I have a small child that needed changing whilst in your branch. I was also was born with a Y chromosome and a penis. Can you advise therefore where I should change my child? Thanks, Rowland. <media_or_link>",,image_or_link_dependent,,,,,,,,,
79,tesco-2938775,challenge,2938776,2938775,Wed Nov 29 17:59:37 +0000 2017,@Tesco Why so long out of action? If your short staffed let me know. Or a case of management lazy itis,"[Customer] @Tesco time goes by so slowly at Tesco burnley the escalator is still out of action it’s nearly a year! Why! || [Tesco] @customer Hi <name_redacted>, I am so sorry to hear that the escalator has been out of order for so long. I called the store and spoke with one of the Managers, he said that the escalator is back up and running as of this morning. TY",injury_or_allergy;repeated_failure,,,,,,,,,
80,tesco-2893982,natural,2893982,2893982,Tue Nov 28 10:47:31 +0000 2017,Just bought a Hulk-nana from @Tesco in Emmer Green - a banana so angry that it's bursting out of its skin... <media_or_link>,,image_or_link_dependent,,,,,,,,,
81,tesco-2975092,challenge,2975092,2975092,Wed Nov 29 19:50:14 +0000 2017,@Tesco app down? Website down? I've just spent an hour putting my shop together and now can't check out! Modern shopping isn't supposed to be painful!,,punctuation_heavy,,,,,,,,,
82,tesco-95893,challenge,95909,95893,Thu Nov 30 18:30:33 +0000 2017,@Tesco Same on browser. <media_or_link>,"[Customer] @Tesco @customer Done || [Tesco] @customer @customer Thank you. To be clear was the message on the slots 'unavailable' or 'full'? Charlotte || [Customer] @Tesco @customer Hi, see screenshot below. Unavailable <media_or_link> || [Tesco] @customer Hi <name_redacted>, this appears to be a system issue. Have you tried using an alternative device or using the browser instead of the app?",context_dependent;image_or_link_dependent;short_message,,,,,,,,,
83,tesco-2933230,challenge,2933230,2933230,Tue Nov 28 23:38:04 +0000 2017,@tesco brought a pack of Tesco’s finest oranges from Hammersmith and look how destroyed the orange is. You guys are RAW!!! for selling that. 😩 <media_or_link>,,food_safety;image_or_link_dependent;punctuation_heavy;strong_distress,,,,,,,,,
84,tesco-2941541,natural,2941541,2941541,Wed Nov 29 11:45:35 +0000 2017,@Tesco pretty disgusted that you didn’t deliver my disabled mums food last night and told her it could be past 11pm due to delays and then never show up. She has no food in the house currently. Awful service! 😡,,,,,,,,,,,
85,tesco-1986657,challenge,1986663,1986657,Thu Nov 30 18:25:28 +0000 2017,"@Tesco Hi <name_redacted>, I’ve replied via DM with my details.","[Customer] Very disappointed with my @Tesco chicken and “chorizo” pasta meal. Not one piece of chorizo found and only 5 tiny pieces of chicken! 😫 <media_or_link> || [Customer] @customer @Tesco Their Italian Kitchen meals are usually sooo good! I love the mac and cheese. I bought two one evening, I dropped the first one and it split all over the kitchen floor. Then I burnt the second one! 😂😭 || [Customer] @customer @Tesco Oh dear lol 😂 I’m actually so gutted about the chorizo. This is almost as bad as the time I had no cookie dough in my Ben &amp; Jerrys ice cream. 😱 || [Tesco] @customer Details include your full name, address, email address, barcode, SC code, store of purchase and price paid? Would you prefer your refund through the post or by email? As for the Ben &amp; Jerry's, I can't imagine the horror. Ty - Reece 2/2 <media_or_link>",injury_or_allergy;money,,,,,,,,,
86,tesco-603618,natural,603619,603618,Sun Dec 03 13:40:34 +0000 2017,@Tesco It's smaller than it looks; I have tiny child hands.,"[Customer] @Tesco have you thought about a warning system on your online shopping, in case anyone accidentally buys a tiny bottle of champagne? <media_or_link>",context_dependent,,,,,,,,,
87,tesco-564560,natural,564560,564560,Sat Dec 02 16:42:24 +0000 2017,@Tesco just witnessed your food driver of ?????FKY drive so fast around a roundabout his back end span out of control. 16:15hrs. A2 / A249 Key Street roundabout #sittingbourne heading onto southbound A249,,punctuation_heavy,,,,,,,,,
88,tesco-83748,natural,83748,83748,Thu Nov 30 12:57:38 +0000 2017,@Tesco can you please stop hiding the 10p bags on your self-service checkouts. Just means you have to stand there for 2-3 mins waiting for someone to be free and get you one. Makes your self checkout pointless!!,,account_or_order;strong_distress,,,,,,,,,
89,tesco-2846456,natural,2846456,2846456,Mon Nov 27 15:36:13 +0000 2017,@Tesco how can I make a complaint about the Customer Service desk at your Bishops Stortford store? TIA,,,,,,,,,,,
90,tesco-100237,natural,100237,100237,Thu Nov 30 15:29:00 +0000 2017,@Tesco you have cancelled my order twice this week as it's bulk and to a business address - ITS FOR A FOOD BANK! Merry Christmas,,,,,,,,,,,
91,tesco-2832260,natural,2832260,2832260,Sun Nov 26 23:37:44 +0000 2017,@Tesco Well done! Release Christmas delivery slots... Website screwed Can't even do weekly shop let alone Christmas shop! Downright cock-up!,,account_or_order;punctuation_heavy,,,,,,,,,
92,tesco-2943844,natural,2943844,2943844,Wed Nov 29 14:25:24 +0000 2017,Can't wait to put the Christmas decoration up this weekend🌲⛄️❤️,,,,,,,,,,,
93,tesco-2963385,natural,2963385,2963385,Wed Nov 29 21:06:42 +0000 2017,Would like to personally like to congratulate @Tesco for creating luxury wrapping paper that refuses to accept the properties of cellotape 👌,,,,,,,,,,,
94,tesco-524365,challenge,524365,524365,Fri Dec 01 23:48:51 +0000 2017,@Tesco finally after 1/2 hour at a self service til just waiting for authorised item..then had shopping cancelled and told scam them all again !!!!!!! Not happy,,punctuation_heavy;repeated_failure;strong_distress,,,,,,,,,
95,tesco-2837814,natural,2837814,2837814,Mon Nov 27 13:28:05 +0000 2017,"@Tesco A lot of your own branded products are still packaged in non-recyclable plastic. Can this be improved? Why wait for legislation to change. It's a no-brainer. What are we waiting for?! thanks in advance, j",,punctuation_heavy;repeated_failure,,,,,,,,,
96,tesco-70745,natural,70745,70745,Wed Nov 29 20:12:01 +0000 2017,@Tesco do you play football with your shortbread biscuits?! This was exactly how they came out of the packet! <media_or_link>,,image_or_link_dependent;punctuation_heavy,,,,,,,,,
97,tesco-2939802,natural,2939802,2939802,Wed Nov 29 09:11:10 +0000 2017,@Tesco Why would you discontinue such a popular product? That’s an £80 online order cancelled. #hellosainsburys <media_or_link>,,image_or_link_dependent;money,,,,,,,,,
98,tesco-2833771,natural,2833771,2833771,Mon Nov 27 10:21:17 +0000 2017,"@Tesco where is all your #organic produce gone? Apparently your stores have no idea, going back to @sainsburys",,,,,,,,,,,
99,tesco-2489376,challenge,2489379,2489376,Sun Nov 26 19:10:28 +0000 2017,@Tesco I really wanted to order £30. I actually can't order any as it won't let me register my details?,"[Customer] @Tesco Can you only order your gift card in £20's? || [Customer] @Tesco The Dinning out ones? || [Tesco] @customer Hi <name_redacted>, I've checked and they do only seem to be available in £20s. You can order up to £100 online. I hope this helps, Leah.",money,,,,,,,,,
100,tesco-547270,natural,547270,547270,Sat Dec 02 16:27:32 +0000 2017,@customer very disappointed to get home and find my freshly purchased milk is 2 days out of date. Second time ive come home with out of date produce from your store #productrotation not a priority for you? @Tesco <media_or_link>,,food_safety;image_or_link_dependent,,,,,,,,,
101,tesco-583105,natural,583105,583105,Sun Dec 03 11:49:07 +0000 2017,"@Tesco People walking in front of cars, kids swinging and climbing on trolley parks. Terrible planning by you. I only went for the pharmacy!",,,,,,,,,,,
102,tesco-2905888,natural,2905888,2905888,Tue Nov 28 17:02:54 +0000 2017,@Tesco Do Widnes have LEGO Police Station 60141?,,,,,,,,,,,
103,tesco-2822709,natural,2822709,2822709,Sun Nov 26 18:30:36 +0000 2017,"@Tesco Hi, is it right that whenever we book a delivery, you take £2 out of the designated bank account? Seen this several times now? Thanks.",,account_or_order;money;repeated_failure,,,,,,,,,
104,tesco-2865525,natural,2865525,2865525,Mon Nov 27 19:22:53 +0000 2017,@Tesco I just bought this avocado at my local Tesco... disgusting is right word!! <media_or_link>,,image_or_link_dependent;strong_distress,,,,,,,,,
105,tesco-2895435,natural,2895435,2895435,Tue Nov 28 13:40:46 +0000 2017,@Tesco I’ve just received this email and I DEFINITELY haven’t purchased this item...... what’s happened??? <media_or_link>,,image_or_link_dependent;punctuation_heavy,,,,,,,,,
106,tesco-577442,natural,577444,577442,Sat Dec 02 22:44:54 +0000 2017,"@customer Clubcard app already is, would make sense for it to be.",[Customer] @Tesco will TescoPay+ be available for Apple Wallet? || [Customer] @customer Hi <name_redacted>. This is not something we are currently looking into but thank you for your feedback. Thanks,account_or_order,,,,,,,,,
107,tesco-510576,challenge,510575,510576,Fri Dec 01 23:25:02 +0000 2017,"@Tesco Update: an he on the phone (thank you to the staff handling my complaint) but still no resolution. No shopping, it’s handed over to tomorrow duty manager at store to deal with. Don’t hold out much hope for an early morning delivery #nofood","[Customer] This is why I don’t do online shopping, first delivery in ages and @Tesco are late #shouldhaveknownbetter #ineedmybed || [Tesco] @customer Hello <name_redacted>, I am sorry your order was late and I appreciate how disappointing this must be for you. Can you please DM your full name, address and email? I can log your feedback. TY || [Customer] @Tesco Order isn’t late!!!! Has not turned up at all! Am in the phone to custom services atm. No resolution. Tesco has my shopping and my money I am not happy",account_or_order;money;repeated_failure;strong_distress,,,,,,,,,
108,tesco-508905,natural,508905,508905,Fri Dec 01 18:38:53 +0000 2017,@Tesco why are thete no delivery dates for 19th of dec onwards? Are the filled already?! 🤬,,account_or_order;punctuation_heavy,,,,,,,,,
109,tesco-2848277,natural,2848277,2848277,Mon Nov 27 17:38:36 +0000 2017,"Also @Tesco, my cats say thank you for the box (read: I forgot my bags) <media_or_link>",,image_or_link_dependent,,,,,,,,,
110,tesco-2219694,challenge,2219694,2219694,Sun Nov 26 13:39:51 +0000 2017,@Tesco - your kids meals in the cafe are a disgrace. £3 for chicken nuggets and chips is good but you only give three tiny nuggets. Seriously? Company policy apparently... <media_or_link>,,image_or_link_dependent;money,,,,,,,,,
111,tesco-2956325,natural,2956325,2956325,Wed Nov 29 18:33:34 +0000 2017,"@Tesco I would like some advice please! Cut into my green pepper and found a maggot inside! Peppers were only purchased last night from the Horwich store! I am absolutely disgusted, it has now meant I am not eating any of those peppers and it has put me off purchasing in future. <media_or_link>",,food_safety;image_or_link_dependent;injury_or_allergy;punctuation_heavy,,,,,,,,,
112,tesco-2899827,natural,2899827,2899827,Tue Nov 28 15:05:37 +0000 2017,@Tesco Mohammed on checkout 16 at Burnage today has made me come out of twitter retirement! Best customer service in a supermarket ever!,,account_or_order;injury_or_allergy,,,,,,,,,
113,tesco-73791,natural,73791,73791,Thu Nov 30 10:25:53 +0000 2017,"@customer @Tesco how about following suit, #tesco? Supermarkets back plastic bottle refunds <media_or_link>",,image_or_link_dependent;money,,,,,,,,,
114,tesco-2893964,challenge,2893960,2893964,Wed Nov 29 12:39:12 +0000 2017,@Tesco No attempt to keep my custom. Fair enough. Will gladly take it elsewhere.,"[Customer] @Tesco Must admit I didn’t see the price on the shelf. I’d searched your website and had the picture of what I wanted on the phone. Picked it off the shelf and carried on shopping! || [Tesco] @customer Hi there, we regularly check prices so that we can reduce ours or match prices accordingly. Online prices and in store prices may often match but there are occasions when they will differ slightly due to various factors. TY || [Customer] @Tesco I wouldn’t call twice the price varying slightly! I find that reply disappointing. I’ve found it at the cheaper price at one of your competitors where online and shop prices don’t differ, so will get it refunded. || [Tesco] @customer Hi there, if you pop back to store with the item and your receipt, they will be able to refund this for you. The item also has to be in the same condition (with all parts, packaging, tags, etc.) as it was when it was sold. Thanks",context_dependent;money,,,,,,,,,
115,tesco-547256,natural,547260,547256,Sat Dec 02 16:40:54 +0000 2017,@Tesco Literally half of the point of purchasing this item is now gone.(surprise) because of someone within your company simply just being lazy...,"[Customer] @Tesco If you think £10 is some how acceptable for this... then you are crazy, if anything I should have half of my money refunded... <media_or_link>",money,,,,,,,,,
116,tesco-550091,natural,550091,550091,Sat Dec 02 10:05:17 +0000 2017,"Another painful @Tesco delivery. Cancelled delivery I have to pick up. Substitutions, lateness and now this. Not sure what I pay for anymore. #tesco #sainsburys #poorservice",,account_or_order,,,,,,,,,
117,tesco-2965892,natural,2965892,2965892,Wed Nov 29 22:03:56 +0000 2017,The @Tesco food shop went well this evening... 😂🎄👌 (We did end up getting food in the end... Honestly!) <media_or_link>,,image_or_link_dependent,,,,,,,,,
118,tesco-2577726,natural,2577729,2577726,Sun Nov 26 20:24:15 +0000 2017,@customer Cheers. Happened twice now. And only at a specific branch of Tesco. Everywhere else all good.,[Customer] Got charged twice by @Tesco. 1st transaction went thru flashed up on phone as I use @customer. Staff said it didn't work even though I showed proof on my app. No receipt given. £12 out of pocket. Help pls #Tesco <media_or_link> || [Customer] @customer @Tesco @customer It happened to me and the other day and one came back to my account a few days later. No idea why.,account_or_order;money,,,,,,,,,
119,tesco-1053285,natural,1053285,1053285,Sat Mar 25 18:03:14 +0000 2017,"@Tesco please can you enforce the one-way areas of your car park before there is a collision or if not,just scrap them and make them two way",,,,,,,,,,,
120,tesco-2913739,natural,2913739,2913739,Tue Nov 28 20:09:08 +0000 2017,@Tesco when half the pack is rotten 😑 #nothappy <media_or_link>,,food_safety;image_or_link_dependent,,,,,,,,,
121,tesco-97692,natural,97692,97692,Thu Nov 30 15:07:28 +0000 2017,@Tesco can you confirm when your festive food ordering system will be going live please? We're a non delivery saver customer thanks :),,account_or_order,,,,,,,,,
122,tesco-552753,natural,552753,552753,Sat Dec 02 16:21:50 +0000 2017,@Tesco wyd😭😭 <media_or_link>,,image_or_link_dependent;short_message,,,,,,,,,
123,tesco-2844532,natural,2844533,2844532,Mon Nov 27 17:37:13 +0000 2017,@Tesco *cant,"[Customer] @Tesco hi, an item was missing from my click and collect order. Is there anyone I can email about it? I deal with people on the phone today, I am poorly 🤒",account_or_order;short_message,,,,,,,,,
124,tesco-2846417,challenge,2846417,2846417,Sun Nov 26 18:32:54 +0000 2017,@Tesco click and collect? More like click and be told they <name_redacted> to go get your stuff! Just what u want after a long ass day at work!,,account_or_order;punctuation_heavy,,,,,,,,,
125,tesco-584179,natural,584179,584179,Sun Dec 03 13:45:18 +0000 2017,I want to marry the nice welsh man that I just spoke to on the phone from @Tesco. SUCH good customer service and I loved his accent,,,,,,,,,,,
126,tesco-583097,natural,583097,583097,Sun Dec 03 11:56:16 +0000 2017,@Tesco could you send me the Christmas cake recipe that comes on the back of your brandy soaked fruit please? Can’t find it on your site 😓,,,,,,,,,,,
127,tesco-587554,natural,587554,587554,Sun Dec 03 13:24:49 +0000 2017,What time is the coca cola truck at tesco Mansfield till? 4 or 7? 😩 two different websites say different @customer @Tesco,,,,,,,,,,,
128,tesco-590187,natural,590190,590187,Sun Dec 03 16:35:25 +0000 2017,@Tesco @customer Shrivelled luke-warm spud with an after thought of three day old salad. This is legendary 😂 <media_or_link>,"[Customer] 40 minute wait for our order of 1 all day breakfast, 1 jacket potato and 2 kids meals in the café at @Tesco earlier. This was what the all day breakfast looked like. Now, I wasn't expecting anything of @customer quality, but all the same. Hmmn, glaze of lard 😂 <media_or_link>",image_or_link_dependent,,,,,,,,,
129,tesco-2923097,natural,2923097,2923097,Tue Nov 28 18:21:48 +0000 2017,"@Tesco another day, another Tesco van blocking my drive 🤬 sick of it now!",,injury_or_allergy,,,,,,,,,
130,tesco-452145,natural,452145,452145,Thu Nov 30 20:26:02 +0000 2017,"@Tesco Hi there, have you stopped selling Canadian cheddar..? It no longer seems to be stocked by your stretford store... it was the nicest cheese ever! 🧀☹️☹️",,,,,,,,,,,
131,tesco-508884,challenge,508884,508884,Fri Dec 01 21:11:10 +0000 2017,@Tesco our 7ft tree is broken :( there’s some metal in the middle branch connector which links to the top branch meaning we can’t connect it up :( hoping we can replace at our 24 hr Tesco in New Oscott!,,food_safety,,,,,,,,,
132,tesco-2519910,natural,2519913,2519910,Sun Nov 26 19:32:25 +0000 2017,@Tesco I'll give you a clue: there's not enough chicken!,[Customer] @Tesco can you spot the deliberate(?) mistake in this picture? <media_or_link>,,,,,,,,,,
133,tesco-2934029,challenge,2934032,2934029,Wed Nov 29 07:44:18 +0000 2017,@customer @Tesco looks like this finally got fixed but it’s now out of order this morning so no coffee for me again 😩,"[Customer] @Tesco @customer I’ve spent 5 months reporting a machine broken in Tesco Streatham, I have had yet another wasted trip there this morning for coffee. If this machine isn’t being fixed can someone let me know instead of promising it will be fixed ASAP and save me the trip?! || [Customer] @customer Unfortunately the situation is the same. Machine is disconnected due to a services issue. Manager's aware and hoping to resolve it soon-Ella",repeated_failure,,,,,,,,,
134,tesco-461646,natural,461646,461646,Thu Nov 30 19:26:00 +0000 2017,"Do a click and collect with @Tesco, cause lazy, order an Xbox and controller and apparently one parcel is lost. No prizes for guessing which one it is 🤦🏻‍♀️ (it's not the controller).",,account_or_order,,,,,,,,,
135,tesco-2831183,natural,2831183,2831183,Mon Nov 27 08:38:24 +0000 2017,I found a live wasp in my raspberries and all @Tesco have offered is a £1 refund 😂 wow <media_or_link>,,image_or_link_dependent;money,,,,,,,,,
136,tesco-2258735,natural,2258735,2258735,Sun Nov 26 13:57:56 +0000 2017,"Don't usually rant but... believe it or not children have birthday parties in December...like any other month, just because it's the Christmas season it doesn't mean pack away all the kids invitation/thank you cards to make way for Christmas things! @Tesco @customer @sainsburys",,,,,,,,,,,
137,tesco-104151,challenge,104152,104151,Thu Nov 30 18:31:26 +0000 2017,@Tesco Sent 👍👍,"[Customer] @Tesco any idea where my order is?? Was supposed to be ready to collect from Tuesday the 28th Nov... still showing as dispatched. Order No. 4PBN7KMFT || [Tesco] @customer Hi <name_redacted>, thanks for getting in touch. Please can you DM your full name, address, postcode and email address so that I can check our records for you?",context_dependent;repeated_failure;short_message,,,,,,,,,
138,tesco-2912314,natural,2912314,2912314,Tue Nov 28 18:48:53 +0000 2017,@Tesco finest creamy chicken risotto one of the blandest things I’ve ever tasted!,,,,,,,,,,,
139,tesco-481148,challenge,481148,481148,Thu Nov 30 21:23:59 +0000 2017,@Tesco Trying to use some club card vouchers that expire TODAY but computer says no. 😡😡😡 Surely I’ve got til midnight? <media_or_link>,,image_or_link_dependent;money,,,,,,,,,
140,tesco-488913,natural,488913,488913,Fri Dec 01 16:01:26 +0000 2017,"@Tesco click and collect for convenience, a joke, van over an hour late, no notice and with many queuing running out of time before I HAVE to leave #epsomtesco #fuming",,account_or_order,,,,,,,,,
141,tesco-568989,natural,568989,568989,Sat Dec 02 20:08:29 +0000 2017,"Next time I have to remove one of these security tags from a DVD that I have purchased from @Tesco, the manager of said Tesco is going to have to go to hospital to get it surgically removed from his rectum #tesco #shopsecurity <media_or_link>",,image_or_link_dependent;injury_or_allergy,,,,,,,,,
142,tesco-2944940,challenge,2944944,2944940,Wed Nov 29 15:34:21 +0000 2017,@Tesco half one quarter to two,"[Customer] @Tesco you need more staff on your Customer Service / Tobacco Desk, you’ve got people buying cigarettes, returning things and ordering their Christmas food with two members of staff! || [Customer] @Tesco Your store in Princess Road Chelmsford! || [Tesco] @customer Hi <name_redacted>, I'm really sorry about this. I'd like to feed this information back to the store Management. Could you let me know what time you visited the store? Thanks",short_message,,,,,,,,,
143,tesco-537001,natural,537001,537001,Sat Dec 02 12:54:26 +0000 2017,"@Tesco I bought my sons a onesie from store, they removed the labels and tried them on, no good. I still have the receipt and labels, can I return them? Thanks",,repeated_failure,,,,,,,,,
144,tesco-566379,natural,566379,566379,Sat Dec 02 18:54:50 +0000 2017,Thank you @Tesco for our cat pressie in our shopping Bruno loves Christmas we call him Bernard in December! 🎄 #thesantaclause <media_or_link>,,image_or_link_dependent,,,,,,,,,
145,tesco-2825152,natural,2825152,2825152,Sun Nov 26 19:20:44 +0000 2017,"@Tesco very disappointed with your Oldfields rd store Sutton today, there were literally no staff to help, I’ll be avoiding you over Christmas, if that carries on",,,,,,,,,,,
146,tesco-536162,natural,536162,536162,Sat Dec 02 08:49:35 +0000 2017,@Tesco Morning Team. We have been shopping online for a number of years with you. It helps as my wife is severely disabled. Again though we cannot get a near Christmas delivery slot.....when do these go up for grabs generally?,,account_or_order;repeated_failure,,,,,,,,,
147,tesco-579499,natural,579499,579499,Sun Dec 03 08:46:53 +0000 2017,@Tesco I realise 8.45am might not be peak shopping hours at your Airdrie branch but not one till opened? I don’t mind self scanning with a few items but every now and then a little bit of customer service would help! The shop is consistently a joke.,,,,,,,,,,,
148,tesco-2812976,challenge,2812976,2812976,Sun Nov 26 14:01:18 +0000 2017,"@Tesco Hi, could you please tell me why, even though I'm signed up to your Delivery Saver I still have to pay £8 to have my shopping delivered on the 23rd December!! Kind of defects the object of having it don't you think??!",,account_or_order;money;punctuation_heavy;repeated_failure;strong_distress,,,,,,,,,
149,tesco-539286,challenge,539285,539286,Sat Dec 02 23:42:47 +0000 2017,@customer @Tesco @AldiUK My question too.,"[Customer] This is brilliant - are @customer’s @Tesco @customer doing similar? <media_or_link> || [Tesco] @customer Hi <name_redacted>, we're donating £1 from the sale of every fresh turkey this year and we're doing a neighbourhood food collection during December to help within local communities. I hope this helps to reassure you, Leah. || [Customer] @Tesco @customer Genuinely good stuff @Tesco - but what about the surplus food you'll have similarly to @AldiUK - what will you be doing with that?",money;short_message,,,,,,,,,
150,tesco-492486,natural,492486,492486,Fri Dec 01 16:49:30 +0000 2017,Went into Tesco's today to pick up my glasses and there were people collecting for the food bank. I only spent £5 on some tins of soup and stuff but they were so appreciative and it made me feel really good to be able to give something,,food_safety;money,,,,,,,,,
151,tesco-2956338,natural,2956338,2956338,Wed Nov 29 14:49:12 +0000 2017,@Tesco still waiting for my click and collect order to be ready..... from 3pm Tuesday the order email says?!,,account_or_order;repeated_failure,,,,,,,,,
152,tesco-86447,natural,86447,86447,Thu Nov 30 13:12:36 +0000 2017,How is it that shamrock foods can use recyclable plastics but @tesco still cannot? #savetheplanet <media_or_link>,,image_or_link_dependent;repeated_failure,,,,,,,,,
153,tesco-2831178,natural,2831178,2831178,Mon Nov 27 08:41:02 +0000 2017,The 2017 post-excavation course begins today and we’ve already had our first major setback. @Tesco are out of Jaffa Cakes. 😱,,,,,,,,,,,
154,tesco-2861188,natural,2861188,2861188,Mon Nov 27 19:45:05 +0000 2017,@Tesco I found a FROZEN FLY in your frozen minced beef tonight. Makes me queasy. <media_or_link>,,image_or_link_dependent,,,,,,,,,
155,tesco-104179,natural,104179,104179,Thu Nov 30 17:55:00 +0000 2017,Najmłodsi eksperci testują zabawki w @Tesco. Świąteczna kampania sieci | Bądź na bieżąco: <media_or_link> <media_or_link>,,image_or_link_dependent,,,,,,,,,
156,tesco-499299,natural,499299,499299,Fri Dec 01 18:55:26 +0000 2017,"For the first time in my life I am without an Advent calendar to open on the 1st December 😭 forced into adulthood at the age of 22, all because @Tesco were out of stock!",,,,,,,,,,,
157,tesco-10564,natural,10566,10564,Mon Nov 20 16:02:33 +0000 2017,@Tesco Bought one of these and absolutely love it 💕💞,"[Tesco] Some like biscuits from a tin, others prefer them from a musical snow globe. <media_or_link> However you do Christmas, Everyone’s Welcome at Tesco. #EveryonesWelcome <media_or_link>",,,,,,,,,,
158,tesco-470977,challenge,470977,470977,Tue Nov 28 11:56:41 +0000 2017,"@Tesco you’re fab for last minute necessities, but your own range of green tea smells like a farmyard!! 🤢",,strong_distress,,,,,,,,,
159,tesco-2948974,natural,2948974,2948974,Wed Nov 29 15:24:52 +0000 2017,"@Tesco Hi, I wanted to order de-icer on my Grocery order but searched &amp; searched but with no joy - what search term should I insert in the search box? HELP! 😳😳😳 xxx",,,,,,,,,,,
160,tesco-580199,natural,580199,580199,Sun Dec 03 11:51:01 +0000 2017,"A day of baking, can’t think of anything better!😍👌🏻",,,,,,,,,,,
161,tesco-2902767,natural,2902767,2902767,Tue Nov 28 09:00:02 +0000 2017,Good Morning @customer what donations are you looking for this week? I'll make my donation at @Tesco Aberdare.,,,,,,,,,,,
162,tesco-91710,natural,91710,91710,Thu Nov 30 14:43:51 +0000 2017,Howard @Tesco Stockport is the slowest cashier EVER! He seemed genuinely surprised by every single item that appeared on his conveyor belt (which he managed to stop).,,money,,,,,,,,,
163,tesco-538156,natural,538156,538156,Sat Dec 02 13:27:44 +0000 2017,What a disappointment ☹️ didn’t realise this #gluten-free mac &amp; cheese was also dairy free. You cannot make cheese out of coconut oil. Even the cats won’t eat it 😩 @Tesco pls can we have just a gluten free one?? #coeliac <media_or_link>,,image_or_link_dependent,,,,,,,,,
164,tesco-2850028,natural,2850028,2850028,Mon Nov 27 11:53:51 +0000 2017,@Tesco bought a free from loaf to open it up and every single slice can’t be used #dissapointed,,,,,,,,,,,
165,tesco-2825173,challenge,2825173,2825173,Sun Nov 26 20:11:06 +0000 2017,"@Tesco SORT YR PETROL STN OUT ON 7oaks Way, Orpington!!! It’s TRULY DIABOLICAL!! ALWAYS MASSIVE Qs 4 PUMPS AS MOST OF EM DONT WORK&amp; THE Q IN THE SHOP IS UNBELIEVABLE!! IF IT DOESNT IMPROVE, AM GOING2 START A PETITION2 BOYCOTT IT!! DISGRACEFUL 😡😡😡",,punctuation_heavy;strong_distress,,,,,,,,,
166,tesco-2951559,natural,2951559,2951559,Wed Nov 29 17:14:29 +0000 2017,@Tesco have you stopped the free fruit for kids in store? If you have a heads up would have been nice as my 2 year old daughter was not impressed,,,,,,,,,,,
167,tesco-2852985,natural,2852985,2852985,Mon Nov 27 17:05:03 +0000 2017,@Tesco Your self service checkouts need a serious software update particularly with regard Scan and Pack...,,,,,,,,,,,
168,tesco-591623,natural,591623,591623,Sun Dec 03 14:30:13 +0000 2017,@Tesco wrapping my sons presents. Love the personalised paper. His name is Rudi 👍🏼❤️. His sister will be upset. Can you do some Reighgan 🙈😂😂😂😂 <media_or_link>,,image_or_link_dependent,,,,,,,,,
169,tesco-569680,natural,569680,569680,Sat Dec 02 20:27:41 +0000 2017,@Tesco Why did you change the recipe for this? It’s gross now and diner is ruined! :( It was perfect before! <media_or_link>,,image_or_link_dependent;punctuation_heavy,,,,,,,,,
170,tesco-83761,natural,83761,83761,Thu Nov 30 11:40:46 +0000 2017,"@Tesco this is not the first time I have come across a piece of plastic in the Everyday Value Tuna in Brine! Be careful when you chew, people! 😬 <media_or_link>",,context_dependent;image_or_link_dependent,,,,,,,,,
171,tesco-2935496,challenge,2935499,2935496,Wed Nov 29 19:14:03 +0000 2017,@Tesco Dawn from Tesco I don't know what dm is???,"[Customer] @Tesco you have provided worst customer service ever. Delivery is 24hrs late and still no one knows if and when is coming. Shame on you. || [Customer] @Tesco I'd have been surprised if you responded. Why change now eh || [Tesco] @customer Hello, <name_redacted>! I'm so sorry to hear that your delivery is late. I can imagine how disappointing this has been for you, especially if you have heard nothing from us :( Please DM me your order number, full name and address :)",account_or_order;punctuation_heavy;repeated_failure;strong_distress,,,,,,,,,
172,tesco-2880958,challenge,2880958,2880958,Mon Nov 27 21:32:05 +0000 2017,@Tesco shrink their softner bottles from 1.5 to 1.26L but apprently still does 42 washes ... seems rather odd that less liquid apparently does same amount of washes... <media_or_link>,,image_or_link_dependent;repeated_failure,,,,,,,,,
173,tesco-477170,challenge,477171,477170,Fri Dec 01 12:30:47 +0000 2017,@Tesco @customer Thank you Matt. Will do so shortly,"[Customer] Really disappointed in @Tesco who unilaterally cancelled a large Big Red Box food order to be delivered to @customer for their staff Big Red Box day. Informed 5 minutes before delivery was due #woeful #CustomerService || [Tesco] @customer @customer Hi there, I'm so sorry to hear that we've let you down, please can you DM me your name, address, order number and email address so I can take a look at this for you?",account_or_order,,,,,,,,,
174,tesco-83754,natural,83754,83754,Thu Nov 30 12:02:44 +0000 2017,"Hey @tesco - every little bit/fragment of the delivery counts, y'know. Lame service now requires a 7 mile trip to return your busted wares! <media_or_link>",,account_or_order;image_or_link_dependent,,,,,,,,,
175,tesco-139128,natural,139128,139128,Fri Nov 24 10:55:00 +0000 2017,@Tesco tell me you haven’t stopped producing this. No tesco in my vicinity has it anymore. <media_or_link>,,image_or_link_dependent,,,,,,,,,
176,tesco-539279,natural,539279,539279,Sat Dec 02 12:57:21 +0000 2017,"@Tesco it’s a good cake tin, but the apostrofairy has paid you an unwelcome visit.. gateaux (at a push gateaus) def not gateau’s :) <media_or_link>",,context_dependent;image_or_link_dependent,,,,,,,,,
177,tesco-514149,natural,514149,514149,Fri Dec 01 21:37:29 +0000 2017,"I’m so sad @Tesco have sold their opticians to @customer, I moved to Tesco because vision express have the worst customer service I’ve ever come across 😡 off to @customer I go!",,strong_distress,,,,,,,,,
178,tesco-2886992,natural,2886995,2886992,Mon Nov 27 22:04:03 +0000 2017,@customer And tesco paying Temps with prepaid cards which.cost to activate and.cost to use even.though most Temps gave tesco bank details,[Customer] Young man with Asperger's dumped by B&amp;M after 15 hours of free work as campaigners demand end to trial shifts <media_or_link>,,,,,,,,,,
179,tesco-2807471,natural,2807471,2807471,Sun Nov 26 13:09:33 +0000 2017,Getting the @Tesco Christmas Food Delivery Slot you needed! Waking up at 2am wasn’t so bad after all! <media_or_link>,,account_or_order;image_or_link_dependent,,,,,,,,,
180,tesco-468994,challenge,469011,468994,Tue Nov 21 17:10:30 +0000 2017,@Tesco You don't seem to be able to add it to your basket online either :(,"[Tesco] @customer This has resulted in us not having enough stock. This has now been resolved and you should start to see it back on the shelves soon :) 2/2 || [Customer] @Tesco Thank you for looking into it. Hopefully it will be back v soon. It's odd that the employee in store told me something completely different || [Customer] @Tesco Hi. There's STILL no cat litter in store. Help please!! || [Tesco] @customer Hi <name_redacted>, Sorry to hear you've been unable to get cat litter. Can you let me know which store your looking to pick this up from and what cat littler? Thanks",repeated_failure;strong_distress,,,,,,,,,
181,tesco-2939796,natural,2939796,2939796,Wed Nov 29 13:12:27 +0000 2017,"I'm taking the afternoon off to clean the kitchen,and to make a Christmas pudding - looking forward to it",,,,,,,,,,,
182,tesco-585177,natural,585177,585177,Sun Dec 03 12:31:46 +0000 2017,Well done @Tesco almost everyone except Polish people get the Christmas wishes. Or you just implying that poles will understand english language anyways? #DoubleStandards #everyoneisequalbutsomearemoreequalthanothers <media_or_link>,,image_or_link_dependent,,,,,,,,,
183,tesco-514147,natural,514147,514147,Fri Dec 01 18:22:48 +0000 2017,"@Tesco @customer Order Number - 4P8M433NJ Parcel Number - ‍<number_redacted> Ordered 23/11. Scheduled for delivery 27/11. Despite 2 x emails have yet to receive the goods. Please action urgently, delivery tomorrow?? #hackedoff",,account_or_order,,,,,,,,,
184,tesco-543244,natural,543244,543244,Sat Dec 02 14:38:41 +0000 2017,@Tesco Why do you feel the need to put so much palm oil in your products. #savetheforest #forestdestruction #wildlifedying #ethics,,,,,,,,,,,
185,tesco-2520008,natural,2520008,2520008,Sun Nov 26 16:08:26 +0000 2017,"@Tesco hi I was wondering if any of your Glasgow stores will be stocking gluten free puff pastry , thanks",,,,,,,,,,,
186,tesco-674362,natural,674362,674362,Thu Nov 30 20:39:03 +0000 2017,Thank you @Tesco for the free fruit for the kids while we shop. Makes shopping that little bit easier 😊,,,,,,,,,,,
187,tesco-2855849,natural,2855849,2855849,Mon Nov 27 18:15:18 +0000 2017,@Tesco Whatever you have done this year to seal the glitter on your xmas wrapping paper stops the sellotape sticking to it!!! 🤷🏼‍♀️🤦🏼‍♀️ (using 3M tape) #tesco #xmas #wrappingpaper #nonstick <media_or_link>,,image_or_link_dependent;punctuation_heavy;strong_distress,,,,,,,,,
188,tesco-561011,natural,561011,561011,Sat Dec 02 16:19:03 +0000 2017,@Tesco Hi <name_redacted> sent you a direct message if you could help please :-) Thanks,,,,,,,,,,,
189,tesco-66073,challenge,66073,66073,Thu Nov 30 08:32:48 +0000 2017,@Tesco @customer 4yr wedding anniversary today and my wife bought me the classic chocolate pack....1 bar for each year. Open it this morning and 1 bar is missing....my wife didn’t eat it!! 😞😞😞 #dairymilkismyfavourite <media_or_link>,,image_or_link_dependent;strong_distress,,,,,,,,,
190,tesco-1309014,challenge,1309016,1309014,Sat Nov 25 22:50:35 +0000 2017,@Tesco All in all very poor customer service @Tesco,[Customer] @Tesco knightmare today. You phoned 45 minutes befire our delivery today to tell us its cancelled and cant get a delivery. £10 is NOT adequate compensation. || [Tesco] @customer A goodwill gesture by the individual colleague &amp; is not a procedural form of compensation. - Emma 3/3,account_or_order;money,,,,,,,,,
191,tesco-477163,natural,477163,477163,Fri Dec 01 10:37:58 +0000 2017,@Tesco why do you allow customers to get pestered in your stores? I want to go food shopping not paintballing or the gym.,,,,,,,,,,,
192,tesco-555580,natural,555580,555580,Sat Dec 02 19:09:15 +0000 2017,Who knew finding some leggings in @Tesco or @sainsburys would be so hard!! #fuming,,strong_distress,,,,,,,,,
193,tesco-470973,natural,470973,470973,Fri Dec 01 00:42:55 +0000 2017,@Tesco I set up Tesco Pay+ via Tesco Clubcard App at first and £2 is deducted. Later I installed Tesco Pay+ App on my iPhone and another £2 is deducted. Will I get my £4 back? <media_or_link>,,account_or_order;image_or_link_dependent;money,,,,,,,,,
194,tesco-2832248,challenge,2832254,2832248,Mon Nov 27 12:58:46 +0000 2017,@Tesco @customer @customer @customer @customer,"[Customer] @Tesco what a disgrace to see fly tipping at Tesco, princess Alice retail Park Sutton Coldfield. @customer. 2 cats dumped in a box however rescued thank goodness. Tesco please sort this out. @customer <media_or_link>",short_message,,,,,,,,,
195,tesco-2937169,natural,2937169,2937169,Wed Nov 29 08:57:36 +0000 2017,@Tesco delivery worker at Newcastle St James Boulevard store smoking whilst wheeling delivery crates into shop from lorry. Smoke clearly wafting over fresh fruit being delivered.,,account_or_order,,,,,,,,,
196,tesco-464481,natural,464481,464481,Thu Nov 30 20:00:32 +0000 2017,Another late shopping delivery by @Tesco. Second week running...,,account_or_order,,,,,,,,,
197,tesco-1950433,challenge,1950436,1950433,Sun Nov 26 01:18:57 +0000 2017,@Tesco I will visit the western ave store tomorrow. Thank you.,"[Customer] People who shop in Whitchurch @Tesco express in Whitchurch (Cardiff) had pizza from them last night, spent most of early morning in bathroom, bought one from same freezer today black and green, shop assistant said yes there’s 3 freezers with faulty doors. WTF disgraceful. || [Tesco] @customer We'll then be able to report your illness, you can also do this in a Metro store if that's more convenient for you. What else was said between you &amp; the colleagues in your local Express? TY - George 2/2",injury_or_allergy,,,,,,,,,
198,tesco-2893970,challenge,2893976,2893970,Tue Nov 28 12:46:38 +0000 2017,@Tesco Rather either of those than food poisoning,"[Customer] @Tesco inadequately sealed food packaging *again*. <media_or_link> || [Customer] @Tesco I'm going to have to stop buying food from you, it's not safe. || [Customer] @Tesco There's also nowhere else here to buy food, so I may have to give up eating lunch, or change jobs.",food_safety;repeated_failure,,,,,,,,,
199,tesco-41745,challenge,41743,41745,Wed Nov 01 18:50:18 +0000 2017,@Tesco Tesco Extra Woolwich town centre.,"[Customer] @Tesco your Woolwich store could do with a dust guys! <media_or_link> || [Tesco] @customer Can you confirm the date &amp; time of photo? For logging purposes can you please DM with full name &amp; email? TY - Rhuari 2/2 || [Customer] @Tesco It's the beams running alongside the escalators at the stores entrance. Taken today at 13.30ish. || [Tesco] @customer Hi, thanks for making us aware of this! Could I ask you to confirm which Woolwich branch this was? TY",short_message,,,,,,,,,
200,tesco-2967145,natural,2967145,2967145,Wed Nov 29 21:30:31 +0000 2017,"Bought some sour cream in @Tesco a couple of days ago, in date till 12th Dec. Just opened it and it was lumpy 😷😷 absolutely vile",,,,,,,,,,,
