case_id,system_name,predicted_intent,intent_confidence,proposed_draft,draft_reply,draft_was_replaced,handling_decision,decision_reason,automation_score,evidence_case_ids,evidence_quotes,evidence_scores,safety_flags
tesco-2950175,tescogpt_guarded_template_v1_policy_v1,other_or_unclear,0.2,"Thanks for contacting Tesco. The issue isn't clear enough to answer safely from the information visible here, so a colleague should review it.","Thanks for contacting Tesco. The issue isn't clear enough to answer safely from the information visible here, so a colleague should review it.",False,ESCALATE,IMAGE_OR_MISSING_CONTEXT,0.01,[],[],[],"[""image_or_link_dependent"", ""short_message""]"
tesco-1726133,tescogpt_guarded_template_v1_policy_v1,store_or_staff_experience,0.79,I'm sorry about your store experience. A colleague should review the details before Tesco responds. Please don't share personal information publicly.,I'm sorry about your store experience. A colleague should review the details before Tesco responds. Please don't share personal information publicly.,False,ESCALATE,REPEATED_FAILURE_OR_DISTRESS,0.0395,[],[],[],"[""repeated_failure""]"
tesco-570535,tescogpt_guarded_template_v1_policy_v1,other_or_unclear,0.2,"Thanks for contacting Tesco. The issue isn't clear enough to answer safely from the information visible here, so a colleague should review it.","Thanks for contacting Tesco. The issue isn't clear enough to answer safely from the information visible here, so a colleague should review it.",False,ESCALATE,IMAGE_OR_MISSING_CONTEXT,0.01,[],[],[],"[""image_or_link_dependent""]"
tesco-585163,tescogpt_guarded_template_v1_policy_v1,delivery_or_collection,0.63,I'm sorry about the delivery or collection issue. A support colleague needs to check the order before Tesco can advise further. Please don't post order or contact details publicly.,I'm sorry about the delivery or collection issue. A support colleague needs to check the order before Tesco can advise further. Please don't post order or contact details publicly.,False,ESCALATE,ACCOUNT_OR_ORDER_LOOKUP,0.0315,[],[],[],"[""repeated_failure""]"
tesco-2699352,tescogpt_guarded_template_v1_policy_v1,delivery_or_collection,0.87,I'm sorry about the delivery or collection issue. A support colleague needs to check the order before Tesco can advise further. Please don't post order or contact details publicly.,I'm sorry about the delivery or collection issue. A support colleague needs to check the order before Tesco can advise further. Please don't post order or contact details publicly.,False,ESCALATE,ACCOUNT_OR_ORDER_LOOKUP,0.0435,[],[],[],"[""account_or_order"", ""repeated_failure"", ""short_message""]"
tesco-516771,tescogpt_guarded_template_v1_policy_v1,delivery_or_collection,0.63,I'm sorry about the delivery or collection issue. A support colleague needs to check the order before Tesco can advise further. Please don't post order or contact details publicly.,I'm sorry about the delivery or collection issue. A support colleague needs to check the order before Tesco can advise further. Please don't post order or contact details publicly.,False,ESCALATE,ACCOUNT_OR_ORDER_LOOKUP,0.0315,[],[],[],"[""punctuation_heavy"", ""repeated_failure"", ""strong_distress""]"
tesco-504344,tescogpt_guarded_template_v1_policy_v1,pricing_promotion_or_clubcard,0.63,I'm sorry about the pricing or Clubcard issue. A colleague needs to verify the transaction or offer before Tesco can advise. Please don't post account or payment details publicly.,I'm sorry about the pricing or Clubcard issue. A colleague needs to verify the transaction or offer before Tesco can advise. Please don't post account or payment details publicly.,False,ESCALATE,MONEY_OR_COMMITMENT,0.0315,[],[],[],"[""money""]"
tesco-2824379,tescogpt_guarded_template_v1_policy_v1,delivery_or_collection,0.63,I'm sorry about the delivery or collection issue. A support colleague needs to check the order before Tesco can advise further. Please don't post order or contact details publicly.,I'm sorry about the delivery or collection issue. A support colleague needs to check the order before Tesco can advise further. Please don't post order or contact details publicly.,False,ESCALATE,ACCOUNT_OR_ORDER_LOOKUP,0.0315,[],[],[],"[""punctuation_heavy"", ""strong_distress""]"
tesco-628221,tescogpt_guarded_template_v1_policy_v1,delivery_or_collection,0.63,I'm sorry about the delivery or collection issue. A support colleague needs to check the order before Tesco can advise further. Please don't post order or contact details publicly.,I'm sorry about the delivery or collection issue. A support colleague needs to check the order before Tesco can advise further. Please don't post order or contact details publicly.,False,ESCALATE,ACCOUNT_OR_ORDER_LOOKUP,0.0315,[],[],[],"[""money""]"
tesco-496166,tescogpt_guarded_template_v1_policy_v1,delivery_or_collection,0.71,I'm sorry about the delivery or collection issue. A support colleague needs to check the order before Tesco can advise further. Please don't post order or contact details publicly.,I'm sorry about the delivery or collection issue. A support colleague needs to check the order before Tesco can advise further. Please don't post order or contact details publicly.,False,ESCALATE,ACCOUNT_OR_ORDER_LOOKUP,0.0355,[],[],[],[]
tesco-552728,tescogpt_guarded_template_v1_policy_v1,delivery_or_collection,0.63,I'm sorry about the delivery or collection issue. A support colleague needs to check the order before Tesco can advise further. Please don't post order or contact details publicly.,I'm sorry about the delivery or collection issue. A support colleague needs to check the order before Tesco can advise further. Please don't post order or contact details publicly.,False,ESCALATE,ACCOUNT_OR_ORDER_LOOKUP,0.0315,[],[],[],"[""account_or_order"", ""repeated_failure"", ""strong_distress""]"
tesco-479890,tescogpt_guarded_template_v1_policy_v1,store_or_staff_experience,0.79,I'm sorry about your store experience. A colleague should review the details before Tesco responds. Please don't share personal information publicly.,I'm sorry about your store experience. A colleague should review the details before Tesco responds. Please don't share personal information publicly.,False,AUTO_HANDLE,NO_ACTION_NEEDED,0.711,[],[],[],[]
tesco-89598,tescogpt_guarded_template_v1_policy_v1,delivery_or_collection,0.79,I'm sorry about the delivery or collection issue. A support colleague needs to check the order before Tesco can advise further. Please don't post order or contact details publicly.,I'm sorry about the delivery or collection issue. A support colleague needs to check the order before Tesco can advise further. Please don't post order or contact details publicly.,False,ESCALATE,ACCOUNT_OR_ORDER_LOOKUP,0.0395,[],[],[],"[""account_or_order"", ""repeated_failure""]"
tesco-2820812,tescogpt_guarded_template_v1_policy_v1,online_account_or_checkout,0.63,"I'm sorry you're having trouble online. A support colleague needs to review the account or checkout issue. Please don't post login, order, or contact details publicly.","I'm sorry you're having trouble online. A support colleague needs to review the account or checkout issue. Please don't post login, order, or contact details publicly.",False,ESCALATE,ACCOUNT_OR_ORDER_LOOKUP,0.0315,[],[],[],"[""account_or_order"", ""money""]"
tesco-64413,tescogpt_guarded_template_v1_policy_v1,store_or_staff_experience,0.63,I'm sorry about your store experience. A colleague should review the details before Tesco responds. Please don't share personal information publicly.,I'm sorry about your store experience. A colleague should review the details before Tesco responds. Please don't share personal information publicly.,False,ESCALATE,IMAGE_OR_MISSING_CONTEXT,0.0315,[],[],[],"[""account_or_order"", ""context_dependent""]"
tesco-2899807,tescogpt_guarded_template_v1_policy_v1,feedback_praise_or_suggestion,0.63,Thanks for taking the time to share this with Tesco—we appreciate your feedback.,Thanks for taking the time to share this with Tesco—we appreciate your feedback.,False,ESCALATE,IMAGE_OR_MISSING_CONTEXT,0.0315,[],[],[],"[""image_or_link_dependent""]"
tesco-562470,tescogpt_guarded_template_v1_policy_v1,delivery_or_collection,0.79,I'm sorry about the delivery or collection issue. A support colleague needs to check the order before Tesco can advise further. Please don't post order or contact details publicly.,I'm sorry about the delivery or collection issue. A support colleague needs to check the order before Tesco can advise further. Please don't post order or contact details publicly.,False,ESCALATE,ACCOUNT_OR_ORDER_LOOKUP,0.0395,[],[],[],"[""account_or_order"", ""image_or_link_dependent""]"
tesco-599505,tescogpt_guarded_template_v1_policy_v1,delivery_or_collection,0.71,I'm sorry about the delivery or collection issue. A support colleague needs to check the order before Tesco can advise further. Please don't post order or contact details publicly.,I'm sorry about the delivery or collection issue. A support colleague needs to check the order before Tesco can advise further. Please don't post order or contact details publicly.,False,ESCALATE,ACCOUNT_OR_ORDER_LOOKUP,0.0355,[],[],[],[]
tesco-2890034,tescogpt_guarded_template_v1_policy_v1,other_or_unclear,0.2,"Thanks for contacting Tesco. The issue isn't clear enough to answer safely from the information visible here, so a colleague should review it.","Thanks for contacting Tesco. The issue isn't clear enough to answer safely from the information visible here, so a colleague should review it.",False,ESCALATE,REPEATED_FAILURE_OR_DISTRESS,0.01,[],[],[],"[""repeated_failure""]"
tesco-576221,tescogpt_guarded_template_v1_policy_v1,other_or_unclear,0.2,"Thanks for contacting Tesco. The issue isn't clear enough to answer safely from the information visible here, so a colleague should review it.","Thanks for contacting Tesco. The issue isn't clear enough to answer safely from the information visible here, so a colleague should review it.",False,ESCALATE,IMAGE_OR_MISSING_CONTEXT,0.01,[],[],[],"[""image_or_link_dependent""]"
tesco-2848270,tescogpt_guarded_template_v1_policy_v1,feedback_praise_or_suggestion,0.63,Thanks for taking the time to share this with Tesco—we appreciate your feedback.,Thanks for taking the time to share this with Tesco—we appreciate your feedback.,False,ESCALATE,IMAGE_OR_MISSING_CONTEXT,0.0315,[],[],[],"[""image_or_link_dependent""]"
tesco-2892572,tescogpt_guarded_template_v1_policy_v1,product_quality_or_safety,0.63,I'm sorry about this. Please stop using the product. A trained colleague needs to review the safety or quality concern before Tesco responds further. Please don't share personal details publicly.,I'm sorry about this. Please stop using the product. A trained colleague needs to review the safety or quality concern before Tesco responds further. Please don't share personal details publicly.,False,ESCALATE,FOOD_SAFETY_OR_INJURY,0.0,[],[],[],"[""injury_or_allergy""]"
tesco-2964734,tescogpt_guarded_template_v1_policy_v1,delivery_or_collection,0.63,I'm sorry about the delivery or collection issue. A support colleague needs to check the order before Tesco can advise further. Please don't post order or contact details publicly.,I'm sorry about the delivery or collection issue. A support colleague needs to check the order before Tesco can advise further. Please don't post order or contact details publicly.,False,ESCALATE,ACCOUNT_OR_ORDER_LOOKUP,0.0315,[],[],[],"[""image_or_link_dependent""]"
tesco-74931,tescogpt_guarded_template_v1_policy_v1,delivery_or_collection,0.63,I'm sorry about the delivery or collection issue. A support colleague needs to check the order before Tesco can advise further. Please don't post order or contact details publicly.,I'm sorry about the delivery or collection issue. A support colleague needs to check the order before Tesco can advise further. Please don't post order or contact details publicly.,False,ESCALATE,ACCOUNT_OR_ORDER_LOOKUP,0.0315,[],[],[],"[""image_or_link_dependent"", ""money""]"
tesco-2935489,tescogpt_guarded_template_v1_policy_v1,product_information,0.63,"Thanks for checking. Product details can change, so a colleague needs to verify the current packaging or product record before Tesco answers.","Thanks for checking. Product details can change, so a colleague needs to verify the current packaging or product record before Tesco answers.",False,ESCALATE,IMAGE_OR_MISSING_CONTEXT,0.0315,[],[],[],"[""image_or_link_dependent"", ""strong_distress""]"
tesco-76260,tescogpt_guarded_template_v1_policy_v1,online_account_or_checkout,0.71,"I'm sorry you're having trouble online. A support colleague needs to review the account or checkout issue. Please don't post login, order, or contact details publicly.","I'm sorry you're having trouble online. A support colleague needs to review the account or checkout issue. Please don't post login, order, or contact details publicly.",False,ESCALATE,ACCOUNT_OR_ORDER_LOOKUP,0.0355,[],[],[],"[""money"", ""repeated_failure""]"
tesco-2267056,tescogpt_guarded_template_v1_policy_v1,delivery_or_collection,0.71,I'm sorry about the delivery or collection issue. A support colleague needs to check the order before Tesco can advise further. Please don't post order or contact details publicly.,I'm sorry about the delivery or collection issue. A support colleague needs to check the order before Tesco can advise further. Please don't post order or contact details publicly.,False,ESCALATE,ACCOUNT_OR_ORDER_LOOKUP,0.0355,[],[],[],[]
tesco-497781,tescogpt_guarded_template_v1_policy_v1,other_or_unclear,0.2,"Thanks for contacting Tesco. The issue isn't clear enough to answer safely from the information visible here, so a colleague should review it.","Thanks for contacting Tesco. The issue isn't clear enough to answer safely from the information visible here, so a colleague should review it.",False,ESCALATE,IMAGE_OR_MISSING_CONTEXT,0.01,[],[],[],"[""image_or_link_dependent""]"
tesco-2855864,tescogpt_guarded_template_v1_policy_v1,feedback_praise_or_suggestion,0.63,Thanks for taking the time to share this with Tesco—we appreciate your feedback.,Thanks for taking the time to share this with Tesco—we appreciate your feedback.,False,ESCALATE,FOOD_SAFETY_OR_INJURY,0.0,[],[],[],"[""food_safety""]"
tesco-577439,tescogpt_guarded_template_v1_policy_v1,other_or_unclear,0.2,"Thanks for contacting Tesco. The issue isn't clear enough to answer safely from the information visible here, so a colleague should review it.","Thanks for contacting Tesco. The issue isn't clear enough to answer safely from the information visible here, so a colleague should review it.",False,ESCALATE,IMAGE_OR_MISSING_CONTEXT,0.01,[],[],[],"[""image_or_link_dependent"", ""punctuation_heavy""]"
tesco-79513,tescogpt_guarded_template_v1_policy_v1,product_information,0.63,"Thanks for checking. Product details can change, so a colleague needs to verify the current packaging or product record before Tesco answers.","Thanks for checking. Product details can change, so a colleague needs to verify the current packaging or product record before Tesco answers.",False,ESCALATE,IMAGE_OR_MISSING_CONTEXT,0.0315,[],[],[],"[""image_or_link_dependent""]"
tesco-2937805,tescogpt_guarded_template_v1_policy_v1,feedback_praise_or_suggestion,0.63,Thanks for taking the time to share this with Tesco—we appreciate your feedback.,Thanks for taking the time to share this with Tesco—we appreciate your feedback.,False,ESCALATE,IMAGE_OR_MISSING_CONTEXT,0.0315,[],[],[],"[""image_or_link_dependent""]"
tesco-106393,tescogpt_guarded_template_v1_policy_v1,other_or_unclear,0.2,"Thanks for contacting Tesco. The issue isn't clear enough to answer safely from the information visible here, so a colleague should review it.","Thanks for contacting Tesco. The issue isn't clear enough to answer safely from the information visible here, so a colleague should review it.",False,ESCALATE,OUT_OF_SCOPE_OR_UNCLEAR,0.02,[],[],[],[]
tesco-2908618,tescogpt_guarded_template_v1_policy_v1,store_or_staff_experience,0.63,I'm sorry about your store experience. A colleague should review the details before Tesco responds. Please don't share personal information publicly.,I'm sorry about your store experience. A colleague should review the details before Tesco responds. Please don't share personal information publicly.,False,ESCALATE,IMAGE_OR_MISSING_CONTEXT,0.0315,[],[],[],"[""image_or_link_dependent"", ""money""]"
tesco-2839331,tescogpt_guarded_template_v1_policy_v1,pricing_promotion_or_clubcard,0.63,I'm sorry about the pricing or Clubcard issue. A colleague needs to verify the transaction or offer before Tesco can advise. Please don't post account or payment details publicly.,I'm sorry about the pricing or Clubcard issue. A colleague needs to verify the transaction or offer before Tesco can advise. Please don't post account or payment details publicly.,False,ESCALATE,MONEY_OR_COMMITMENT,0.0315,[],[],[],"[""context_dependent"", ""punctuation_heavy"", ""repeated_failure"", ""strong_distress""]"
tesco-2934771,tescogpt_guarded_template_v1_policy_v1,other_or_unclear,0.2,"Thanks for contacting Tesco. The issue isn't clear enough to answer safely from the information visible here, so a colleague should review it.","Thanks for contacting Tesco. The issue isn't clear enough to answer safely from the information visible here, so a colleague should review it.",False,ESCALATE,OUT_OF_SCOPE_OR_UNCLEAR,0.02,[],[],[],[]
tesco-1971968,tescogpt_guarded_template_v1_policy_v1,product_availability,0.71,"Thanks for asking. Availability can vary by store and time, so a colleague needs to verify the current stock information before Tesco answers.","Thanks for asking. Availability can vary by store and time, so a colleague needs to verify the current stock information before Tesco answers.",False,ESCALATE,CURRENT_POLICY_OR_LIVE_INFO,0.1065,[],[],[],[]
tesco-2885411,tescogpt_guarded_template_v1_policy_v1,store_or_staff_experience,0.63,I'm sorry about your store experience. A colleague should review the details before Tesco responds. Please don't share personal information publicly.,I'm sorry about your store experience. A colleague should review the details before Tesco responds. Please don't share personal information publicly.,False,ESCALATE,REPEATED_FAILURE_OR_DISTRESS,0.0315,[],[],[],"[""strong_distress""]"
tesco-568003,tescogpt_guarded_template_v1_policy_v1,feedback_praise_or_suggestion,0.63,Thanks for taking the time to share this with Tesco—we appreciate your feedback.,Thanks for taking the time to share this with Tesco—we appreciate your feedback.,False,ESCALATE,REPEATED_FAILURE_OR_DISTRESS,0.0315,[],[],[],"[""punctuation_heavy"", ""strong_distress""]"
tesco-2920812,tescogpt_guarded_template_v1_policy_v1,other_or_unclear,0.2,"Thanks for contacting Tesco. The issue isn't clear enough to answer safely from the information visible here, so a colleague should review it.","Thanks for contacting Tesco. The issue isn't clear enough to answer safely from the information visible here, so a colleague should review it.",False,ESCALATE,OUT_OF_SCOPE_OR_UNCLEAR,0.02,[],[],[],"[""punctuation_heavy""]"
tesco-2960691,tescogpt_guarded_template_v1_policy_v1,refund_return_or_exchange,0.63,"I'm sorry about this. A colleague needs to check the return, replacement, or refund details before Tesco can make any commitment. Please don't post personal or payment details publicly.","I'm sorry about this. A colleague needs to check the return, replacement, or refund details before Tesco can make any commitment. Please don't post personal or payment details publicly.",False,ESCALATE,MONEY_OR_COMMITMENT,0.0315,[],[],[],"[""money"", ""strong_distress""]"
tesco-2827775,tescogpt_guarded_template_v1_policy_v1,store_or_staff_experience,0.63,I'm sorry about your store experience. A colleague should review the details before Tesco responds. Please don't share personal information publicly.,I'm sorry about your store experience. A colleague should review the details before Tesco responds. Please don't share personal information publicly.,False,ESCALATE,REPEATED_FAILURE_OR_DISTRESS,0.0315,[],[],[],"[""money"", ""repeated_failure""]"
tesco-2846465,tescogpt_guarded_template_v1_policy_v1,pricing_promotion_or_clubcard,0.71,I'm sorry about the pricing or Clubcard issue. A colleague needs to verify the transaction or offer before Tesco can advise. Please don't post account or payment details publicly.,I'm sorry about the pricing or Clubcard issue. A colleague needs to verify the transaction or offer before Tesco can advise. Please don't post account or payment details publicly.,False,ESCALATE,MONEY_OR_COMMITMENT,0.0355,[],[],[],"[""money""]"
tesco-504331,tescogpt_guarded_template_v1_policy_v1,delivery_or_collection,0.63,I'm sorry about the delivery or collection issue. A support colleague needs to check the order before Tesco can advise further. Please don't post order or contact details publicly.,I'm sorry about the delivery or collection issue. A support colleague needs to check the order before Tesco can advise further. Please don't post order or contact details publicly.,False,ESCALATE,ACCOUNT_OR_ORDER_LOOKUP,0.0315,[],[],[],"[""repeated_failure""]"
tesco-454997,tescogpt_guarded_template_v1_policy_v1,other_or_unclear,0.2,"Thanks for contacting Tesco. The issue isn't clear enough to answer safely from the information visible here, so a colleague should review it.","Thanks for contacting Tesco. The issue isn't clear enough to answer safely from the information visible here, so a colleague should review it.",False,ESCALATE,OUT_OF_SCOPE_OR_UNCLEAR,0.02,[],[],[],[]
tesco-536216,tescogpt_guarded_template_v1_policy_v1,delivery_or_collection,0.63,I'm sorry about the delivery or collection issue. A support colleague needs to check the order before Tesco can advise further. Please don't post order or contact details publicly.,I'm sorry about the delivery or collection issue. A support colleague needs to check the order before Tesco can advise further. Please don't post order or contact details publicly.,False,ESCALATE,ACCOUNT_OR_ORDER_LOOKUP,0.0315,[],[],[],"[""image_or_link_dependent"", ""strong_distress""]"
tesco-475220,tescogpt_guarded_template_v1_policy_v1,other_or_unclear,0.2,"Thanks for contacting Tesco. The issue isn't clear enough to answer safely from the information visible here, so a colleague should review it.","Thanks for contacting Tesco. The issue isn't clear enough to answer safely from the information visible here, so a colleague should review it.",False,ESCALATE,IMAGE_OR_MISSING_CONTEXT,0.01,[],[],[],"[""image_or_link_dependent"", ""repeated_failure""]"
tesco-1868285,tescogpt_guarded_template_v1_policy_v1,delivery_or_collection,0.63,I'm sorry about the delivery or collection issue. A support colleague needs to check the order before Tesco can advise further. Please don't post order or contact details publicly.,I'm sorry about the delivery or collection issue. A support colleague needs to check the order before Tesco can advise further. Please don't post order or contact details publicly.,False,ESCALATE,ACCOUNT_OR_ORDER_LOOKUP,0.0315,[],[],[],"[""account_or_order"", ""repeated_failure""]"
tesco-2896686,tescogpt_guarded_template_v1_policy_v1,delivery_or_collection,0.63,I'm sorry about the delivery or collection issue. A support colleague needs to check the order before Tesco can advise further. Please don't post order or contact details publicly.,I'm sorry about the delivery or collection issue. A support colleague needs to check the order before Tesco can advise further. Please don't post order or contact details publicly.,False,ESCALATE,ACCOUNT_OR_ORDER_LOOKUP,0.0315,[],[],[],"[""context_dependent"", ""image_or_link_dependent"", ""punctuation_heavy"", ""strong_distress""]"
tesco-573793,tescogpt_guarded_template_v1_policy_v1,other_or_unclear,0.2,"Thanks for contacting Tesco. The issue isn't clear enough to answer safely from the information visible here, so a colleague should review it.","Thanks for contacting Tesco. The issue isn't clear enough to answer safely from the information visible here, so a colleague should review it.",False,ESCALATE,OUT_OF_SCOPE_OR_UNCLEAR,0.02,[],[],[],[]
tesco-2841165,tescogpt_guarded_template_v1_policy_v1,feedback_praise_or_suggestion,0.63,Thanks for taking the time to share this with Tesco—we appreciate your feedback.,Thanks for taking the time to share this with Tesco—we appreciate your feedback.,False,ESCALATE,IMAGE_OR_MISSING_CONTEXT,0.0315,[],[],[],"[""image_or_link_dependent""]"
tesco-2913751,tescogpt_guarded_template_v1_policy_v1,other_or_unclear,0.2,"Thanks for contacting Tesco. The issue isn't clear enough to answer safely from the information visible here, so a colleague should review it.","Thanks for contacting Tesco. The issue isn't clear enough to answer safely from the information visible here, so a colleague should review it.",False,ESCALATE,OUT_OF_SCOPE_OR_UNCLEAR,0.02,[],[],[],"[""money""]"
tesco-454716,tescogpt_guarded_template_v1_policy_v1,other_or_unclear,0.2,"Thanks for contacting Tesco. The issue isn't clear enough to answer safely from the information visible here, so a colleague should review it.","Thanks for contacting Tesco. The issue isn't clear enough to answer safely from the information visible here, so a colleague should review it.",False,ESCALATE,IMAGE_OR_MISSING_CONTEXT,0.01,[],[],[],"[""image_or_link_dependent""]"
tesco-93970,tescogpt_guarded_template_v1_policy_v1,product_availability,0.63,"Thanks for asking. Availability can vary by store and time, so a colleague needs to verify the current stock information before Tesco answers.","Thanks for asking. Availability can vary by store and time, so a colleague needs to verify the current stock information before Tesco answers.",False,ESCALATE,CURRENT_POLICY_OR_LIVE_INFO,0.0945,[],[],[],[]
tesco-2930442,tescogpt_guarded_template_v1_policy_v1,product_quality_or_safety,0.63,I'm sorry about this. Please stop using the product. A trained colleague needs to review the safety or quality concern before Tesco responds further. Please don't share personal details publicly.,I'm sorry about this. Please stop using the product. A trained colleague needs to review the safety or quality concern before Tesco responds further. Please don't share personal details publicly.,False,ESCALATE,FOOD_SAFETY_OR_INJURY,0.0,[],[],[],"[""injury_or_allergy"", ""strong_distress""]"
tesco-446932,tescogpt_guarded_template_v1_policy_v1,product_quality_or_safety,0.63,I'm sorry about this. Please stop using the product. A trained colleague needs to review the safety or quality concern before Tesco responds further. Please don't share personal details publicly.,I'm sorry about this. Please stop using the product. A trained colleague needs to review the safety or quality concern before Tesco responds further. Please don't share personal details publicly.,False,ESCALATE,FOOD_SAFETY_OR_INJURY,0.0,[],[],[],"[""food_safety"", ""image_or_link_dependent"", ""money""]"
tesco-2871186,tescogpt_guarded_template_v1_policy_v1,pricing_promotion_or_clubcard,0.71,I'm sorry about the pricing or Clubcard issue. A colleague needs to verify the transaction or offer before Tesco can advise. Please don't post account or payment details publicly.,I'm sorry about the pricing or Clubcard issue. A colleague needs to verify the transaction or offer before Tesco can advise. Please don't post account or payment details publicly.,False,ESCALATE,MONEY_OR_COMMITMENT,0.0355,[],[],[],"[""image_or_link_dependent"", ""money"", ""punctuation_heavy"", ""strong_distress""]"
tesco-2957901,tescogpt_guarded_template_v1_policy_v1,delivery_or_collection,0.63,I'm sorry about the delivery or collection issue. A support colleague needs to check the order before Tesco can advise further. Please don't post order or contact details publicly.,I'm sorry about the delivery or collection issue. A support colleague needs to check the order before Tesco can advise further. Please don't post order or contact details publicly.,False,ESCALATE,ACCOUNT_OR_ORDER_LOOKUP,0.0315,[],[],[],"[""account_or_order"", ""image_or_link_dependent""]"
tesco-502703,tescogpt_guarded_template_v1_policy_v1,other_or_unclear,0.2,"Thanks for contacting Tesco. The issue isn't clear enough to answer safely from the information visible here, so a colleague should review it.","Thanks for contacting Tesco. The issue isn't clear enough to answer safely from the information visible here, so a colleague should review it.",False,ESCALATE,IMAGE_OR_MISSING_CONTEXT,0.01,[],[],[],"[""image_or_link_dependent""]"
tesco-2830203,tescogpt_guarded_template_v1_policy_v1,delivery_or_collection,0.71,I'm sorry about the delivery or collection issue. A support colleague needs to check the order before Tesco can advise further. Please don't post order or contact details publicly.,I'm sorry about the delivery or collection issue. A support colleague needs to check the order before Tesco can advise further. Please don't post order or contact details publicly.,False,ESCALATE,ACCOUNT_OR_ORDER_LOOKUP,0.0355,[],[],[],"[""account_or_order""]"
tesco-535394,tescogpt_guarded_template_v1_policy_v1,product_availability,0.63,"Thanks for asking. Availability can vary by store and time, so a colleague needs to verify the current stock information before Tesco answers.","Thanks for asking. Availability can vary by store and time, so a colleague needs to verify the current stock information before Tesco answers.",False,ESCALATE,CURRENT_POLICY_OR_LIVE_INFO,0.0945,[],[],[],[]
tesco-518960,tescogpt_guarded_template_v1_policy_v1,online_account_or_checkout,0.63,"I'm sorry you're having trouble online. A support colleague needs to review the account or checkout issue. Please don't post login, order, or contact details publicly.","I'm sorry you're having trouble online. A support colleague needs to review the account or checkout issue. Please don't post login, order, or contact details publicly.",False,ESCALATE,ACCOUNT_OR_ORDER_LOOKUP,0.0315,[],[],[],"[""repeated_failure""]"
tesco-2611817,tescogpt_guarded_template_v1_policy_v1,store_or_staff_experience,0.63,I'm sorry about your store experience. A colleague should review the details before Tesco responds. Please don't share personal information publicly.,I'm sorry about your store experience. A colleague should review the details before Tesco responds. Please don't share personal information publicly.,False,ESCALATE,HUMAN_JUDGMENT_REQUIRED,0.0945,[],[],[],[]
tesco-2888931,tescogpt_guarded_template_v1_policy_v1,store_or_staff_experience,0.79,I'm sorry about your store experience. A colleague should review the details before Tesco responds. Please don't share personal information publicly.,I'm sorry about your store experience. A colleague should review the details before Tesco responds. Please don't share personal information publicly.,False,ESCALATE,HUMAN_JUDGMENT_REQUIRED,0.1185,[],[],[],[]
tesco-555532,tescogpt_guarded_template_v1_policy_v1,other_or_unclear,0.2,"Thanks for contacting Tesco. The issue isn't clear enough to answer safely from the information visible here, so a colleague should review it.","Thanks for contacting Tesco. The issue isn't clear enough to answer safely from the information visible here, so a colleague should review it.",False,ESCALATE,OUT_OF_SCOPE_OR_UNCLEAR,0.02,[],[],[],[]
tesco-2883065,tescogpt_guarded_template_v1_policy_v1,delivery_or_collection,0.71,I'm sorry about the delivery or collection issue. A support colleague needs to check the order before Tesco can advise further. Please don't post order or contact details publicly.,I'm sorry about the delivery or collection issue. A support colleague needs to check the order before Tesco can advise further. Please don't post order or contact details publicly.,False,ESCALATE,ACCOUNT_OR_ORDER_LOOKUP,0.0355,[],[],[],"[""image_or_link_dependent""]"
tesco-2888917,tescogpt_guarded_template_v1_policy_v1,online_account_or_checkout,0.71,"I'm sorry you're having trouble online. A support colleague needs to review the account or checkout issue. Please don't post login, order, or contact details publicly.","I'm sorry you're having trouble online. A support colleague needs to review the account or checkout issue. Please don't post login, order, or contact details publicly.",False,ESCALATE,ACCOUNT_OR_ORDER_LOOKUP,0.0355,[],[],[],"[""money"", ""short_message""]"
tesco-2898277,tescogpt_guarded_template_v1_policy_v1,refund_return_or_exchange,0.63,"I'm sorry about this. A colleague needs to check the return, replacement, or refund details before Tesco can make any commitment. Please don't post personal or payment details publicly.","I'm sorry about this. A colleague needs to check the return, replacement, or refund details before Tesco can make any commitment. Please don't post personal or payment details publicly.",False,ESCALATE,MONEY_OR_COMMITMENT,0.0315,[],[],[],[]
tesco-77780,tescogpt_guarded_template_v1_policy_v1,delivery_or_collection,0.63,I'm sorry about the delivery or collection issue. A support colleague needs to check the order before Tesco can advise further. Please don't post order or contact details publicly.,I'm sorry about the delivery or collection issue. A support colleague needs to check the order before Tesco can advise further. Please don't post order or contact details publicly.,False,ESCALATE,ACCOUNT_OR_ORDER_LOOKUP,0.0315,[],[],[],"[""money""]"
tesco-1773780,tescogpt_guarded_template_v1_policy_v1,product_quality_or_safety,0.63,I'm sorry about this. Please stop using the product. A trained colleague needs to review the safety or quality concern before Tesco responds further. Please don't share personal details publicly.,I'm sorry about this. Please stop using the product. A trained colleague needs to review the safety or quality concern before Tesco responds further. Please don't share personal details publicly.,False,ESCALATE,FOOD_SAFETY_OR_INJURY,0.0,[],[],[],"[""food_safety"", ""money"", ""repeated_failure""]"
tesco-547281,tescogpt_guarded_template_v1_policy_v1,other_or_unclear,0.2,"Thanks for contacting Tesco. The issue isn't clear enough to answer safely from the information visible here, so a colleague should review it.","Thanks for contacting Tesco. The issue isn't clear enough to answer safely from the information visible here, so a colleague should review it.",False,ESCALATE,IMAGE_OR_MISSING_CONTEXT,0.01,[],[],[],"[""image_or_link_dependent"", ""short_message""]"
tesco-2784862,tescogpt_guarded_template_v1_policy_v1,delivery_or_collection,0.79,I'm sorry about the delivery or collection issue. A support colleague needs to check the order before Tesco can advise further. Please don't post order or contact details publicly.,I'm sorry about the delivery or collection issue. A support colleague needs to check the order before Tesco can advise further. Please don't post order or contact details publicly.,False,ESCALATE,ACCOUNT_OR_ORDER_LOOKUP,0.0395,[],[],[],"[""account_or_order""]"
tesco-2943803,tescogpt_guarded_template_v1_policy_v1,other_or_unclear,0.2,"Thanks for contacting Tesco. The issue isn't clear enough to answer safely from the information visible here, so a colleague should review it.","Thanks for contacting Tesco. The issue isn't clear enough to answer safely from the information visible here, so a colleague should review it.",False,ESCALATE,OUT_OF_SCOPE_OR_UNCLEAR,0.02,[],[],[],[]
tesco-2964726,tescogpt_guarded_template_v1_policy_v1,feedback_praise_or_suggestion,0.63,Thanks for taking the time to share this with Tesco—we appreciate your feedback.,Thanks for taking the time to share this with Tesco—we appreciate your feedback.,False,ESCALATE,FOOD_SAFETY_OR_INJURY,0.0,[],[],[],"[""food_safety""]"
tesco-2963388,tescogpt_guarded_template_v1_policy_v1,online_account_or_checkout,0.63,"I'm sorry you're having trouble online. A support colleague needs to review the account or checkout issue. Please don't post login, order, or contact details publicly.","I'm sorry you're having trouble online. A support colleague needs to review the account or checkout issue. Please don't post login, order, or contact details publicly.",False,ESCALATE,ACCOUNT_OR_ORDER_LOOKUP,0.0315,[],[],[],"[""punctuation_heavy"", ""repeated_failure"", ""strong_distress""]"
tesco-541729,tescogpt_guarded_template_v1_policy_v1,store_or_staff_experience,0.79,I'm sorry about your store experience. A colleague should review the details before Tesco responds. Please don't share personal information publicly.,I'm sorry about your store experience. A colleague should review the details before Tesco responds. Please don't share personal information publicly.,False,ESCALATE,HUMAN_JUDGMENT_REQUIRED,0.1185,[],[],[],[]
tesco-2946158,tescogpt_guarded_template_v1_policy_v1,delivery_or_collection,0.79,I'm sorry about the delivery or collection issue. A support colleague needs to check the order before Tesco can advise further. Please don't post order or contact details publicly.,I'm sorry about the delivery or collection issue. A support colleague needs to check the order before Tesco can advise further. Please don't post order or contact details publicly.,False,ESCALATE,ACCOUNT_OR_ORDER_LOOKUP,0.0395,[],[],[],"[""account_or_order""]"
tesco-2818165,tescogpt_guarded_template_v1_policy_v1,feedback_praise_or_suggestion,0.63,Thanks for taking the time to share this with Tesco—we appreciate your feedback.,Thanks for taking the time to share this with Tesco—we appreciate your feedback.,False,ESCALATE,IMAGE_OR_MISSING_CONTEXT,0.0315,[],[],[],"[""image_or_link_dependent""]"
tesco-2938775,tescogpt_guarded_template_v1_policy_v1,delivery_or_collection,0.63,I'm sorry about the delivery or collection issue. A support colleague needs to check the order before Tesco can advise further. Please don't post order or contact details publicly.,I'm sorry about the delivery or collection issue. A support colleague needs to check the order before Tesco can advise further. Please don't post order or contact details publicly.,False,ESCALATE,FOOD_SAFETY_OR_INJURY,0.0,[],[],[],"[""injury_or_allergy"", ""repeated_failure""]"
tesco-2893982,tescogpt_guarded_template_v1_policy_v1,other_or_unclear,0.2,"Thanks for contacting Tesco. The issue isn't clear enough to answer safely from the information visible here, so a colleague should review it.","Thanks for contacting Tesco. The issue isn't clear enough to answer safely from the information visible here, so a colleague should review it.",False,ESCALATE,IMAGE_OR_MISSING_CONTEXT,0.01,[],[],[],"[""image_or_link_dependent""]"
tesco-2975092,tescogpt_guarded_template_v1_policy_v1,online_account_or_checkout,0.71,"I'm sorry you're having trouble online. A support colleague needs to review the account or checkout issue. Please don't post login, order, or contact details publicly.","I'm sorry you're having trouble online. A support colleague needs to review the account or checkout issue. Please don't post login, order, or contact details publicly.",False,ESCALATE,ACCOUNT_OR_ORDER_LOOKUP,0.0355,[],[],[],"[""punctuation_heavy""]"
tesco-95893,tescogpt_guarded_template_v1_policy_v1,delivery_or_collection,0.63,I'm sorry about the delivery or collection issue. A support colleague needs to check the order before Tesco can advise further. Please don't post order or contact details publicly.,I'm sorry about the delivery or collection issue. A support colleague needs to check the order before Tesco can advise further. Please don't post order or contact details publicly.,False,ESCALATE,ACCOUNT_OR_ORDER_LOOKUP,0.0315,[],[],[],"[""context_dependent"", ""image_or_link_dependent"", ""short_message""]"
tesco-2933230,tescogpt_guarded_template_v1_policy_v1,product_quality_or_safety,0.63,I'm sorry about this. Please stop using the product. A trained colleague needs to review the safety or quality concern before Tesco responds further. Please don't share personal details publicly.,I'm sorry about this. Please stop using the product. A trained colleague needs to review the safety or quality concern before Tesco responds further. Please don't share personal details publicly.,False,ESCALATE,FOOD_SAFETY_OR_INJURY,0.0,[],[],[],"[""food_safety"", ""image_or_link_dependent"", ""punctuation_heavy"", ""strong_distress""]"
tesco-2941541,tescogpt_guarded_template_v1_policy_v1,delivery_or_collection,0.63,I'm sorry about the delivery or collection issue. A support colleague needs to check the order before Tesco can advise further. Please don't post order or contact details publicly.,I'm sorry about the delivery or collection issue. A support colleague needs to check the order before Tesco can advise further. Please don't post order or contact details publicly.,False,ESCALATE,ACCOUNT_OR_ORDER_LOOKUP,0.0315,[],[],[],[]
tesco-1986657,tescogpt_guarded_template_v1_policy_v1,store_or_staff_experience,0.63,I'm sorry about your store experience. A colleague should review the details before Tesco responds. Please don't share personal information publicly.,I'm sorry about your store experience. A colleague should review the details before Tesco responds. Please don't share personal information publicly.,False,ESCALATE,FOOD_SAFETY_OR_INJURY,0.0,[],[],[],"[""injury_or_allergy"", ""money""]"
tesco-603618,tescogpt_guarded_template_v1_policy_v1,store_or_staff_experience,0.63,I'm sorry about your store experience. A colleague should review the details before Tesco responds. Please don't share personal information publicly.,I'm sorry about your store experience. A colleague should review the details before Tesco responds. Please don't share personal information publicly.,False,ESCALATE,IMAGE_OR_MISSING_CONTEXT,0.0315,[],[],[],"[""context_dependent""]"
tesco-564560,tescogpt_guarded_template_v1_policy_v1,delivery_or_collection,0.63,I'm sorry about the delivery or collection issue. A support colleague needs to check the order before Tesco can advise further. Please don't post order or contact details publicly.,I'm sorry about the delivery or collection issue. A support colleague needs to check the order before Tesco can advise further. Please don't post order or contact details publicly.,False,ESCALATE,ACCOUNT_OR_ORDER_LOOKUP,0.0315,[],[],[],"[""punctuation_heavy""]"
tesco-83748,tescogpt_guarded_template_v1_policy_v1,online_account_or_checkout,0.71,"I'm sorry you're having trouble online. A support colleague needs to review the account or checkout issue. Please don't post login, order, or contact details publicly.","I'm sorry you're having trouble online. A support colleague needs to review the account or checkout issue. Please don't post login, order, or contact details publicly.",False,ESCALATE,ACCOUNT_OR_ORDER_LOOKUP,0.0355,[],[],[],"[""account_or_order"", ""strong_distress""]"
tesco-2846456,tescogpt_guarded_template_v1_policy_v1,store_or_staff_experience,0.71,I'm sorry about your store experience. A colleague should review the details before Tesco responds. Please don't share personal information publicly.,I'm sorry about your store experience. A colleague should review the details before Tesco responds. Please don't share personal information publicly.,False,ESCALATE,HUMAN_JUDGMENT_REQUIRED,0.1065,[],[],[],[]
tesco-100237,tescogpt_guarded_template_v1_policy_v1,delivery_or_collection,0.63,I'm sorry about the delivery or collection issue. A support colleague needs to check the order before Tesco can advise further. Please don't post order or contact details publicly.,I'm sorry about the delivery or collection issue. A support colleague needs to check the order before Tesco can advise further. Please don't post order or contact details publicly.,False,ESCALATE,ACCOUNT_OR_ORDER_LOOKUP,0.0315,[],[],[],[]
tesco-2832260,tescogpt_guarded_template_v1_policy_v1,delivery_or_collection,0.71,I'm sorry about the delivery or collection issue. A support colleague needs to check the order before Tesco can advise further. Please don't post order or contact details publicly.,I'm sorry about the delivery or collection issue. A support colleague needs to check the order before Tesco can advise further. Please don't post order or contact details publicly.,False,ESCALATE,ACCOUNT_OR_ORDER_LOOKUP,0.0355,[],[],[],"[""account_or_order"", ""punctuation_heavy""]"
tesco-2943844,tescogpt_guarded_template_v1_policy_v1,other_or_unclear,0.2,"Thanks for contacting Tesco. The issue isn't clear enough to answer safely from the information visible here, so a colleague should review it.","Thanks for contacting Tesco. The issue isn't clear enough to answer safely from the information visible here, so a colleague should review it.",False,ESCALATE,OUT_OF_SCOPE_OR_UNCLEAR,0.02,[],[],[],[]
tesco-2963385,tescogpt_guarded_template_v1_policy_v1,other_or_unclear,0.2,"Thanks for contacting Tesco. The issue isn't clear enough to answer safely from the information visible here, so a colleague should review it.","Thanks for contacting Tesco. The issue isn't clear enough to answer safely from the information visible here, so a colleague should review it.",False,ESCALATE,OUT_OF_SCOPE_OR_UNCLEAR,0.02,[],[],[],[]
tesco-524365,tescogpt_guarded_template_v1_policy_v1,store_or_staff_experience,0.63,I'm sorry about your store experience. A colleague should review the details before Tesco responds. Please don't share personal information publicly.,I'm sorry about your store experience. A colleague should review the details before Tesco responds. Please don't share personal information publicly.,False,ESCALATE,REPEATED_FAILURE_OR_DISTRESS,0.0315,[],[],[],"[""punctuation_heavy"", ""repeated_failure"", ""strong_distress""]"
tesco-2837814,tescogpt_guarded_template_v1_policy_v1,product_information,0.63,"Thanks for checking. Product details can change, so a colleague needs to verify the current packaging or product record before Tesco answers.","Thanks for checking. Product details can change, so a colleague needs to verify the current packaging or product record before Tesco answers.",False,ESCALATE,CURRENT_POLICY_OR_LIVE_INFO,0.0945,[],[],[],"[""punctuation_heavy"", ""repeated_failure""]"
tesco-70745,tescogpt_guarded_template_v1_policy_v1,other_or_unclear,0.2,"Thanks for contacting Tesco. The issue isn't clear enough to answer safely from the information visible here, so a colleague should review it.","Thanks for contacting Tesco. The issue isn't clear enough to answer safely from the information visible here, so a colleague should review it.",False,ESCALATE,IMAGE_OR_MISSING_CONTEXT,0.01,[],[],[],"[""image_or_link_dependent"", ""punctuation_heavy""]"
tesco-2939802,tescogpt_guarded_template_v1_policy_v1,delivery_or_collection,0.63,I'm sorry about the delivery or collection issue. A support colleague needs to check the order before Tesco can advise further. Please don't post order or contact details publicly.,I'm sorry about the delivery or collection issue. A support colleague needs to check the order before Tesco can advise further. Please don't post order or contact details publicly.,False,ESCALATE,ACCOUNT_OR_ORDER_LOOKUP,0.0315,[],[],[],"[""image_or_link_dependent"", ""money""]"
tesco-2833771,tescogpt_guarded_template_v1_policy_v1,online_account_or_checkout,0.63,"I'm sorry you're having trouble online. A support colleague needs to review the account or checkout issue. Please don't post login, order, or contact details publicly.","I'm sorry you're having trouble online. A support colleague needs to review the account or checkout issue. Please don't post login, order, or contact details publicly.",False,ESCALATE,ACCOUNT_OR_ORDER_LOOKUP,0.0315,[],[],[],[]
tesco-2489376,tescogpt_guarded_template_v1_policy_v1,delivery_or_collection,0.87,I'm sorry about the delivery or collection issue. A support colleague needs to check the order before Tesco can advise further. Please don't post order or contact details publicly.,I'm sorry about the delivery or collection issue. A support colleague needs to check the order before Tesco can advise further. Please don't post order or contact details publicly.,False,ESCALATE,ACCOUNT_OR_ORDER_LOOKUP,0.0435,[],[],[],"[""money""]"
tesco-547270,tescogpt_guarded_template_v1_policy_v1,product_quality_or_safety,0.71,I'm sorry about this. Please stop using the product. A trained colleague needs to review the safety or quality concern before Tesco responds further. Please don't share personal details publicly.,I'm sorry about this. Please stop using the product. A trained colleague needs to review the safety or quality concern before Tesco responds further. Please don't share personal details publicly.,False,ESCALATE,FOOD_SAFETY_OR_INJURY,0.0,[],[],[],"[""food_safety"", ""image_or_link_dependent""]"
tesco-583105,tescogpt_guarded_template_v1_policy_v1,store_or_staff_experience,0.63,I'm sorry about your store experience. A colleague should review the details before Tesco responds. Please don't share personal information publicly.,I'm sorry about your store experience. A colleague should review the details before Tesco responds. Please don't share personal information publicly.,False,ESCALATE,HUMAN_JUDGMENT_REQUIRED,0.0945,[],[],[],[]
tesco-2905888,tescogpt_guarded_template_v1_policy_v1,other_or_unclear,0.2,"Thanks for contacting Tesco. The issue isn't clear enough to answer safely from the information visible here, so a colleague should review it.","Thanks for contacting Tesco. The issue isn't clear enough to answer safely from the information visible here, so a colleague should review it.",False,ESCALATE,OUT_OF_SCOPE_OR_UNCLEAR,0.02,[],[],[],[]
tesco-2822709,tescogpt_guarded_template_v1_policy_v1,delivery_or_collection,0.63,I'm sorry about the delivery or collection issue. A support colleague needs to check the order before Tesco can advise further. Please don't post order or contact details publicly.,I'm sorry about the delivery or collection issue. A support colleague needs to check the order before Tesco can advise further. Please don't post order or contact details publicly.,False,ESCALATE,ACCOUNT_OR_ORDER_LOOKUP,0.0315,[],[],[],"[""account_or_order"", ""money"", ""repeated_failure""]"
tesco-2865525,tescogpt_guarded_template_v1_policy_v1,other_or_unclear,0.2,"Thanks for contacting Tesco. The issue isn't clear enough to answer safely from the information visible here, so a colleague should review it.","Thanks for contacting Tesco. The issue isn't clear enough to answer safely from the information visible here, so a colleague should review it.",False,ESCALATE,IMAGE_OR_MISSING_CONTEXT,0.01,[],[],[],"[""image_or_link_dependent"", ""strong_distress""]"
tesco-2895435,tescogpt_guarded_template_v1_policy_v1,other_or_unclear,0.2,"Thanks for contacting Tesco. The issue isn't clear enough to answer safely from the information visible here, so a colleague should review it.","Thanks for contacting Tesco. The issue isn't clear enough to answer safely from the information visible here, so a colleague should review it.",False,ESCALATE,IMAGE_OR_MISSING_CONTEXT,0.01,[],[],[],"[""image_or_link_dependent"", ""punctuation_heavy""]"
tesco-577442,tescogpt_guarded_template_v1_policy_v1,online_account_or_checkout,0.71,"I'm sorry you're having trouble online. A support colleague needs to review the account or checkout issue. Please don't post login, order, or contact details publicly.","I'm sorry you're having trouble online. A support colleague needs to review the account or checkout issue. Please don't post login, order, or contact details publicly.",False,ESCALATE,ACCOUNT_OR_ORDER_LOOKUP,0.0355,[],[],[],"[""account_or_order""]"
tesco-510576,tescogpt_guarded_template_v1_policy_v1,delivery_or_collection,0.87,I'm sorry about the delivery or collection issue. A support colleague needs to check the order before Tesco can advise further. Please don't post order or contact details publicly.,I'm sorry about the delivery or collection issue. A support colleague needs to check the order before Tesco can advise further. Please don't post order or contact details publicly.,False,ESCALATE,ACCOUNT_OR_ORDER_LOOKUP,0.0435,[],[],[],"[""account_or_order"", ""money"", ""repeated_failure"", ""strong_distress""]"
tesco-508905,tescogpt_guarded_template_v1_policy_v1,delivery_or_collection,0.63,I'm sorry about the delivery or collection issue. A support colleague needs to check the order before Tesco can advise further. Please don't post order or contact details publicly.,I'm sorry about the delivery or collection issue. A support colleague needs to check the order before Tesco can advise further. Please don't post order or contact details publicly.,False,ESCALATE,ACCOUNT_OR_ORDER_LOOKUP,0.0315,[],[],[],"[""account_or_order"", ""punctuation_heavy""]"
tesco-2848277,tescogpt_guarded_template_v1_policy_v1,feedback_praise_or_suggestion,0.63,Thanks for taking the time to share this with Tesco—we appreciate your feedback.,Thanks for taking the time to share this with Tesco—we appreciate your feedback.,False,ESCALATE,IMAGE_OR_MISSING_CONTEXT,0.0315,[],[],[],"[""image_or_link_dependent""]"
tesco-2219694,tescogpt_guarded_template_v1_policy_v1,online_account_or_checkout,0.63,"I'm sorry you're having trouble online. A support colleague needs to review the account or checkout issue. Please don't post login, order, or contact details publicly.","I'm sorry you're having trouble online. A support colleague needs to review the account or checkout issue. Please don't post login, order, or contact details publicly.",False,ESCALATE,ACCOUNT_OR_ORDER_LOOKUP,0.0315,[],[],[],"[""image_or_link_dependent"", ""money""]"
tesco-2956325,tescogpt_guarded_template_v1_policy_v1,store_or_staff_experience,0.63,I'm sorry about your store experience. A colleague should review the details before Tesco responds. Please don't share personal information publicly.,I'm sorry about your store experience. A colleague should review the details before Tesco responds. Please don't share personal information publicly.,False,ESCALATE,FOOD_SAFETY_OR_INJURY,0.0,[],[],[],"[""food_safety"", ""image_or_link_dependent"", ""injury_or_allergy"", ""punctuation_heavy""]"
tesco-2899827,tescogpt_guarded_template_v1_policy_v1,online_account_or_checkout,0.63,"I'm sorry you're having trouble online. A support colleague needs to review the account or checkout issue. Please don't post login, order, or contact details publicly.","I'm sorry you're having trouble online. A support colleague needs to review the account or checkout issue. Please don't post login, order, or contact details publicly.",False,ESCALATE,FOOD_SAFETY_OR_INJURY,0.0,[],[],[],"[""account_or_order"", ""injury_or_allergy""]"
tesco-73791,tescogpt_guarded_template_v1_policy_v1,refund_return_or_exchange,0.63,"I'm sorry about this. A colleague needs to check the return, replacement, or refund details before Tesco can make any commitment. Please don't post personal or payment details publicly.","I'm sorry about this. A colleague needs to check the return, replacement, or refund details before Tesco can make any commitment. Please don't post personal or payment details publicly.",False,ESCALATE,MONEY_OR_COMMITMENT,0.0315,[],[],[],"[""image_or_link_dependent"", ""money""]"
tesco-2893964,tescogpt_guarded_template_v1_policy_v1,online_account_or_checkout,0.63,"I'm sorry you're having trouble online. A support colleague needs to review the account or checkout issue. Please don't post login, order, or contact details publicly.","I'm sorry you're having trouble online. A support colleague needs to review the account or checkout issue. Please don't post login, order, or contact details publicly.",False,ESCALATE,ACCOUNT_OR_ORDER_LOOKUP,0.0315,[],[],[],"[""context_dependent"", ""money""]"
tesco-547256,tescogpt_guarded_template_v1_policy_v1,pricing_promotion_or_clubcard,0.71,I'm sorry about the pricing or Clubcard issue. A colleague needs to verify the transaction or offer before Tesco can advise. Please don't post account or payment details publicly.,I'm sorry about the pricing or Clubcard issue. A colleague needs to verify the transaction or offer before Tesco can advise. Please don't post account or payment details publicly.,False,ESCALATE,MONEY_OR_COMMITMENT,0.0355,[],[],[],"[""money""]"
tesco-550091,tescogpt_guarded_template_v1_policy_v1,delivery_or_collection,0.79,I'm sorry about the delivery or collection issue. A support colleague needs to check the order before Tesco can advise further. Please don't post order or contact details publicly.,I'm sorry about the delivery or collection issue. A support colleague needs to check the order before Tesco can advise further. Please don't post order or contact details publicly.,False,ESCALATE,ACCOUNT_OR_ORDER_LOOKUP,0.0395,[],[],[],"[""account_or_order""]"
tesco-2965892,tescogpt_guarded_template_v1_policy_v1,store_or_staff_experience,0.63,I'm sorry about your store experience. A colleague should review the details before Tesco responds. Please don't share personal information publicly.,I'm sorry about your store experience. A colleague should review the details before Tesco responds. Please don't share personal information publicly.,False,ESCALATE,IMAGE_OR_MISSING_CONTEXT,0.0315,[],[],[],"[""image_or_link_dependent""]"
tesco-2577726,tescogpt_guarded_template_v1_policy_v1,online_account_or_checkout,0.71,"I'm sorry you're having trouble online. A support colleague needs to review the account or checkout issue. Please don't post login, order, or contact details publicly.","I'm sorry you're having trouble online. A support colleague needs to review the account or checkout issue. Please don't post login, order, or contact details publicly.",False,ESCALATE,ACCOUNT_OR_ORDER_LOOKUP,0.0355,[],[],[],"[""account_or_order"", ""money""]"
tesco-1053285,tescogpt_guarded_template_v1_policy_v1,other_or_unclear,0.2,"Thanks for contacting Tesco. The issue isn't clear enough to answer safely from the information visible here, so a colleague should review it.","Thanks for contacting Tesco. The issue isn't clear enough to answer safely from the information visible here, so a colleague should review it.",False,ESCALATE,OUT_OF_SCOPE_OR_UNCLEAR,0.02,[],[],[],[]
tesco-2913739,tescogpt_guarded_template_v1_policy_v1,product_quality_or_safety,0.63,I'm sorry about this. Please stop using the product. A trained colleague needs to review the safety or quality concern before Tesco responds further. Please don't share personal details publicly.,I'm sorry about this. Please stop using the product. A trained colleague needs to review the safety or quality concern before Tesco responds further. Please don't share personal details publicly.,False,ESCALATE,FOOD_SAFETY_OR_INJURY,0.0,[],[],[],"[""food_safety"", ""image_or_link_dependent""]"
tesco-97692,tescogpt_guarded_template_v1_policy_v1,delivery_or_collection,0.71,I'm sorry about the delivery or collection issue. A support colleague needs to check the order before Tesco can advise further. Please don't post order or contact details publicly.,I'm sorry about the delivery or collection issue. A support colleague needs to check the order before Tesco can advise further. Please don't post order or contact details publicly.,False,ESCALATE,ACCOUNT_OR_ORDER_LOOKUP,0.0355,[],[],[],"[""account_or_order""]"
tesco-552753,tescogpt_guarded_template_v1_policy_v1,other_or_unclear,0.2,"Thanks for contacting Tesco. The issue isn't clear enough to answer safely from the information visible here, so a colleague should review it.","Thanks for contacting Tesco. The issue isn't clear enough to answer safely from the information visible here, so a colleague should review it.",False,ESCALATE,IMAGE_OR_MISSING_CONTEXT,0.01,[],[],[],"[""image_or_link_dependent"", ""short_message""]"
tesco-2844532,tescogpt_guarded_template_v1_policy_v1,delivery_or_collection,0.71,I'm sorry about the delivery or collection issue. A support colleague needs to check the order before Tesco can advise further. Please don't post order or contact details publicly.,I'm sorry about the delivery or collection issue. A support colleague needs to check the order before Tesco can advise further. Please don't post order or contact details publicly.,False,ESCALATE,ACCOUNT_OR_ORDER_LOOKUP,0.0355,[],[],[],"[""account_or_order"", ""short_message""]"
tesco-2846417,tescogpt_guarded_template_v1_policy_v1,delivery_or_collection,0.63,I'm sorry about the delivery or collection issue. A support colleague needs to check the order before Tesco can advise further. Please don't post order or contact details publicly.,I'm sorry about the delivery or collection issue. A support colleague needs to check the order before Tesco can advise further. Please don't post order or contact details publicly.,False,ESCALATE,ACCOUNT_OR_ORDER_LOOKUP,0.0315,[],[],[],"[""account_or_order"", ""punctuation_heavy""]"
tesco-584179,tescogpt_guarded_template_v1_policy_v1,store_or_staff_experience,0.63,I'm sorry about your store experience. A colleague should review the details before Tesco responds. Please don't share personal information publicly.,I'm sorry about your store experience. A colleague should review the details before Tesco responds. Please don't share personal information publicly.,False,AUTO_HANDLE,NO_ACTION_NEEDED,0.567,[],[],[],[]
tesco-583097,tescogpt_guarded_template_v1_policy_v1,other_or_unclear,0.2,"Thanks for contacting Tesco. The issue isn't clear enough to answer safely from the information visible here, so a colleague should review it.","Thanks for contacting Tesco. The issue isn't clear enough to answer safely from the information visible here, so a colleague should review it.",False,ESCALATE,OUT_OF_SCOPE_OR_UNCLEAR,0.02,[],[],[],[]
tesco-587554,tescogpt_guarded_template_v1_policy_v1,online_account_or_checkout,0.63,"I'm sorry you're having trouble online. A support colleague needs to review the account or checkout issue. Please don't post login, order, or contact details publicly.","I'm sorry you're having trouble online. A support colleague needs to review the account or checkout issue. Please don't post login, order, or contact details publicly.",False,ESCALATE,ACCOUNT_OR_ORDER_LOOKUP,0.0315,[],[],[],[]
tesco-590187,tescogpt_guarded_template_v1_policy_v1,product_quality_or_safety,0.63,I'm sorry about this. Please stop using the product. A trained colleague needs to review the safety or quality concern before Tesco responds further. Please don't share personal details publicly.,I'm sorry about this. Please stop using the product. A trained colleague needs to review the safety or quality concern before Tesco responds further. Please don't share personal details publicly.,False,ESCALATE,IMAGE_OR_MISSING_CONTEXT,0.0315,[],[],[],"[""image_or_link_dependent""]"
tesco-2923097,tescogpt_guarded_template_v1_policy_v1,product_quality_or_safety,0.63,I'm sorry about this. Please stop using the product. A trained colleague needs to review the safety or quality concern before Tesco responds further. Please don't share personal details publicly.,I'm sorry about this. Please stop using the product. A trained colleague needs to review the safety or quality concern before Tesco responds further. Please don't share personal details publicly.,False,ESCALATE,FOOD_SAFETY_OR_INJURY,0.0,[],[],[],"[""injury_or_allergy""]"
tesco-452145,tescogpt_guarded_template_v1_policy_v1,store_or_staff_experience,0.63,I'm sorry about your store experience. A colleague should review the details before Tesco responds. Please don't share personal information publicly.,I'm sorry about your store experience. A colleague should review the details before Tesco responds. Please don't share personal information publicly.,False,ESCALATE,HUMAN_JUDGMENT_REQUIRED,0.0945,[],[],[],[]
tesco-508884,tescogpt_guarded_template_v1_policy_v1,other_or_unclear,0.2,"Thanks for contacting Tesco. The issue isn't clear enough to answer safely from the information visible here, so a colleague should review it.","Thanks for contacting Tesco. The issue isn't clear enough to answer safely from the information visible here, so a colleague should review it.",False,ESCALATE,FOOD_SAFETY_OR_INJURY,0.0,[],[],[],"[""food_safety""]"
tesco-2519910,tescogpt_guarded_template_v1_policy_v1,other_or_unclear,0.2,"Thanks for contacting Tesco. The issue isn't clear enough to answer safely from the information visible here, so a colleague should review it.","Thanks for contacting Tesco. The issue isn't clear enough to answer safely from the information visible here, so a colleague should review it.",False,ESCALATE,OUT_OF_SCOPE_OR_UNCLEAR,0.02,[],[],[],[]
tesco-2934029,tescogpt_guarded_template_v1_policy_v1,delivery_or_collection,0.63,I'm sorry about the delivery or collection issue. A support colleague needs to check the order before Tesco can advise further. Please don't post order or contact details publicly.,I'm sorry about the delivery or collection issue. A support colleague needs to check the order before Tesco can advise further. Please don't post order or contact details publicly.,False,ESCALATE,ACCOUNT_OR_ORDER_LOOKUP,0.0315,[],[],[],"[""repeated_failure""]"
tesco-461646,tescogpt_guarded_template_v1_policy_v1,delivery_or_collection,0.71,I'm sorry about the delivery or collection issue. A support colleague needs to check the order before Tesco can advise further. Please don't post order or contact details publicly.,I'm sorry about the delivery or collection issue. A support colleague needs to check the order before Tesco can advise further. Please don't post order or contact details publicly.,False,ESCALATE,ACCOUNT_OR_ORDER_LOOKUP,0.0355,[],[],[],"[""account_or_order""]"
tesco-2831183,tescogpt_guarded_template_v1_policy_v1,pricing_promotion_or_clubcard,0.71,I'm sorry about the pricing or Clubcard issue. A colleague needs to verify the transaction or offer before Tesco can advise. Please don't post account or payment details publicly.,I'm sorry about the pricing or Clubcard issue. A colleague needs to verify the transaction or offer before Tesco can advise. Please don't post account or payment details publicly.,False,ESCALATE,MONEY_OR_COMMITMENT,0.0355,[],[],[],"[""image_or_link_dependent"", ""money""]"
tesco-2258735,tescogpt_guarded_template_v1_policy_v1,feedback_praise_or_suggestion,0.63,Thanks for taking the time to share this with Tesco—we appreciate your feedback.,Thanks for taking the time to share this with Tesco—we appreciate your feedback.,False,AUTO_HANDLE,NO_ACTION_NEEDED,0.5985,[],[],[],[]
tesco-104151,tescogpt_guarded_template_v1_policy_v1,delivery_or_collection,0.71,I'm sorry about the delivery or collection issue. A support colleague needs to check the order before Tesco can advise further. Please don't post order or contact details publicly.,I'm sorry about the delivery or collection issue. A support colleague needs to check the order before Tesco can advise further. Please don't post order or contact details publicly.,False,ESCALATE,ACCOUNT_OR_ORDER_LOOKUP,0.0355,[],[],[],"[""context_dependent"", ""repeated_failure"", ""short_message""]"
tesco-2912314,tescogpt_guarded_template_v1_policy_v1,other_or_unclear,0.2,"Thanks for contacting Tesco. The issue isn't clear enough to answer safely from the information visible here, so a colleague should review it.","Thanks for contacting Tesco. The issue isn't clear enough to answer safely from the information visible here, so a colleague should review it.",False,ESCALATE,OUT_OF_SCOPE_OR_UNCLEAR,0.02,[],[],[],[]
tesco-481148,tescogpt_guarded_template_v1_policy_v1,pricing_promotion_or_clubcard,0.63,I'm sorry about the pricing or Clubcard issue. A colleague needs to verify the transaction or offer before Tesco can advise. Please don't post account or payment details publicly.,I'm sorry about the pricing or Clubcard issue. A colleague needs to verify the transaction or offer before Tesco can advise. Please don't post account or payment details publicly.,False,ESCALATE,MONEY_OR_COMMITMENT,0.0315,[],[],[],"[""image_or_link_dependent"", ""money""]"
tesco-488913,tescogpt_guarded_template_v1_policy_v1,delivery_or_collection,0.63,I'm sorry about the delivery or collection issue. A support colleague needs to check the order before Tesco can advise further. Please don't post order or contact details publicly.,I'm sorry about the delivery or collection issue. A support colleague needs to check the order before Tesco can advise further. Please don't post order or contact details publicly.,False,ESCALATE,ACCOUNT_OR_ORDER_LOOKUP,0.0315,[],[],[],"[""account_or_order""]"
tesco-568989,tescogpt_guarded_template_v1_policy_v1,store_or_staff_experience,0.71,I'm sorry about your store experience. A colleague should review the details before Tesco responds. Please don't share personal information publicly.,I'm sorry about your store experience. A colleague should review the details before Tesco responds. Please don't share personal information publicly.,False,ESCALATE,FOOD_SAFETY_OR_INJURY,0.0,[],[],[],"[""image_or_link_dependent"", ""injury_or_allergy""]"
tesco-2944940,tescogpt_guarded_template_v1_policy_v1,delivery_or_collection,0.63,I'm sorry about the delivery or collection issue. A support colleague needs to check the order before Tesco can advise further. Please don't post order or contact details publicly.,I'm sorry about the delivery or collection issue. A support colleague needs to check the order before Tesco can advise further. Please don't post order or contact details publicly.,False,ESCALATE,ACCOUNT_OR_ORDER_LOOKUP,0.0315,[],[],[],"[""short_message""]"
tesco-537001,tescogpt_guarded_template_v1_policy_v1,store_or_staff_experience,0.63,I'm sorry about your store experience. A colleague should review the details before Tesco responds. Please don't share personal information publicly.,I'm sorry about your store experience. A colleague should review the details before Tesco responds. Please don't share personal information publicly.,False,ESCALATE,REPEATED_FAILURE_OR_DISTRESS,0.0315,[],[],[],"[""repeated_failure""]"
tesco-566379,tescogpt_guarded_template_v1_policy_v1,store_or_staff_experience,0.63,I'm sorry about your store experience. A colleague should review the details before Tesco responds. Please don't share personal information publicly.,I'm sorry about your store experience. A colleague should review the details before Tesco responds. Please don't share personal information publicly.,False,ESCALATE,IMAGE_OR_MISSING_CONTEXT,0.0315,[],[],[],"[""image_or_link_dependent""]"
tesco-2825152,tescogpt_guarded_template_v1_policy_v1,store_or_staff_experience,0.71,I'm sorry about your store experience. A colleague should review the details before Tesco responds. Please don't share personal information publicly.,I'm sorry about your store experience. A colleague should review the details before Tesco responds. Please don't share personal information publicly.,False,ESCALATE,HUMAN_JUDGMENT_REQUIRED,0.1065,[],[],[],[]
tesco-536162,tescogpt_guarded_template_v1_policy_v1,delivery_or_collection,0.71,I'm sorry about the delivery or collection issue. A support colleague needs to check the order before Tesco can advise further. Please don't post order or contact details publicly.,I'm sorry about the delivery or collection issue. A support colleague needs to check the order before Tesco can advise further. Please don't post order or contact details publicly.,False,ESCALATE,ACCOUNT_OR_ORDER_LOOKUP,0.0355,[],[],[],"[""account_or_order"", ""repeated_failure""]"
tesco-579499,tescogpt_guarded_template_v1_policy_v1,store_or_staff_experience,0.79,I'm sorry about your store experience. A colleague should review the details before Tesco responds. Please don't share personal information publicly.,I'm sorry about your store experience. A colleague should review the details before Tesco responds. Please don't share personal information publicly.,False,ESCALATE,HUMAN_JUDGMENT_REQUIRED,0.1185,[],[],[],[]
tesco-2812976,tescogpt_guarded_template_v1_policy_v1,delivery_or_collection,0.71,I'm sorry about the delivery or collection issue. A support colleague needs to check the order before Tesco can advise further. Please don't post order or contact details publicly.,I'm sorry about the delivery or collection issue. A support colleague needs to check the order before Tesco can advise further. Please don't post order or contact details publicly.,False,ESCALATE,ACCOUNT_OR_ORDER_LOOKUP,0.0355,[],[],[],"[""account_or_order"", ""money"", ""punctuation_heavy"", ""repeated_failure"", ""strong_distress""]"
tesco-539286,tescogpt_guarded_template_v1_policy_v1,pricing_promotion_or_clubcard,0.63,I'm sorry about the pricing or Clubcard issue. A colleague needs to verify the transaction or offer before Tesco can advise. Please don't post account or payment details publicly.,I'm sorry about the pricing or Clubcard issue. A colleague needs to verify the transaction or offer before Tesco can advise. Please don't post account or payment details publicly.,False,ESCALATE,MONEY_OR_COMMITMENT,0.0315,[],[],[],"[""money"", ""short_message""]"
tesco-492486,tescogpt_guarded_template_v1_policy_v1,product_quality_or_safety,0.63,I'm sorry about this. Please stop using the product. A trained colleague needs to review the safety or quality concern before Tesco responds further. Please don't share personal details publicly.,I'm sorry about this. Please stop using the product. A trained colleague needs to review the safety or quality concern before Tesco responds further. Please don't share personal details publicly.,False,ESCALATE,FOOD_SAFETY_OR_INJURY,0.0,[],[],[],"[""food_safety"", ""money""]"
tesco-2956338,tescogpt_guarded_template_v1_policy_v1,delivery_or_collection,0.79,I'm sorry about the delivery or collection issue. A support colleague needs to check the order before Tesco can advise further. Please don't post order or contact details publicly.,I'm sorry about the delivery or collection issue. A support colleague needs to check the order before Tesco can advise further. Please don't post order or contact details publicly.,False,ESCALATE,ACCOUNT_OR_ORDER_LOOKUP,0.0395,[],[],[],"[""account_or_order"", ""repeated_failure""]"
tesco-86447,tescogpt_guarded_template_v1_policy_v1,other_or_unclear,0.2,"Thanks for contacting Tesco. The issue isn't clear enough to answer safely from the information visible here, so a colleague should review it.","Thanks for contacting Tesco. The issue isn't clear enough to answer safely from the information visible here, so a colleague should review it.",False,ESCALATE,IMAGE_OR_MISSING_CONTEXT,0.01,[],[],[],"[""image_or_link_dependent"", ""repeated_failure""]"
tesco-2831178,tescogpt_guarded_template_v1_policy_v1,other_or_unclear,0.2,"Thanks for contacting Tesco. The issue isn't clear enough to answer safely from the information visible here, so a colleague should review it.","Thanks for contacting Tesco. The issue isn't clear enough to answer safely from the information visible here, so a colleague should review it.",False,ESCALATE,OUT_OF_SCOPE_OR_UNCLEAR,0.02,[],[],[],[]
tesco-2861188,tescogpt_guarded_template_v1_policy_v1,other_or_unclear,0.2,"Thanks for contacting Tesco. The issue isn't clear enough to answer safely from the information visible here, so a colleague should review it.","Thanks for contacting Tesco. The issue isn't clear enough to answer safely from the information visible here, so a colleague should review it.",False,ESCALATE,IMAGE_OR_MISSING_CONTEXT,0.01,[],[],[],"[""image_or_link_dependent""]"
tesco-104179,tescogpt_guarded_template_v1_policy_v1,other_or_unclear,0.2,"Thanks for contacting Tesco. The issue isn't clear enough to answer safely from the information visible here, so a colleague should review it.","Thanks for contacting Tesco. The issue isn't clear enough to answer safely from the information visible here, so a colleague should review it.",False,ESCALATE,IMAGE_OR_MISSING_CONTEXT,0.01,[],[],[],"[""image_or_link_dependent""]"
tesco-499299,tescogpt_guarded_template_v1_policy_v1,product_availability,0.63,"Thanks for asking. Availability can vary by store and time, so a colleague needs to verify the current stock information before Tesco answers.","Thanks for asking. Availability can vary by store and time, so a colleague needs to verify the current stock information before Tesco answers.",False,ESCALATE,CURRENT_POLICY_OR_LIVE_INFO,0.0945,[],[],[],[]
tesco-10564,tescogpt_guarded_template_v1_policy_v1,feedback_praise_or_suggestion,0.63,Thanks for taking the time to share this with Tesco—we appreciate your feedback.,Thanks for taking the time to share this with Tesco—we appreciate your feedback.,False,AUTO_HANDLE,NO_ACTION_NEEDED,0.5985,[],[],[],[]
tesco-470977,tescogpt_guarded_template_v1_policy_v1,other_or_unclear,0.2,"Thanks for contacting Tesco. The issue isn't clear enough to answer safely from the information visible here, so a colleague should review it.","Thanks for contacting Tesco. The issue isn't clear enough to answer safely from the information visible here, so a colleague should review it.",False,ESCALATE,REPEATED_FAILURE_OR_DISTRESS,0.01,[],[],[],"[""strong_distress""]"
tesco-2948974,tescogpt_guarded_template_v1_policy_v1,delivery_or_collection,0.71,I'm sorry about the delivery or collection issue. A support colleague needs to check the order before Tesco can advise further. Please don't post order or contact details publicly.,I'm sorry about the delivery or collection issue. A support colleague needs to check the order before Tesco can advise further. Please don't post order or contact details publicly.,False,ESCALATE,ACCOUNT_OR_ORDER_LOOKUP,0.0355,[],[],[],[]
tesco-580199,tescogpt_guarded_template_v1_policy_v1,other_or_unclear,0.2,"Thanks for contacting Tesco. The issue isn't clear enough to answer safely from the information visible here, so a colleague should review it.","Thanks for contacting Tesco. The issue isn't clear enough to answer safely from the information visible here, so a colleague should review it.",False,ESCALATE,OUT_OF_SCOPE_OR_UNCLEAR,0.02,[],[],[],[]
tesco-2902767,tescogpt_guarded_template_v1_policy_v1,other_or_unclear,0.2,"Thanks for contacting Tesco. The issue isn't clear enough to answer safely from the information visible here, so a colleague should review it.","Thanks for contacting Tesco. The issue isn't clear enough to answer safely from the information visible here, so a colleague should review it.",False,ESCALATE,OUT_OF_SCOPE_OR_UNCLEAR,0.02,[],[],[],[]
tesco-91710,tescogpt_guarded_template_v1_policy_v1,online_account_or_checkout,0.63,"I'm sorry you're having trouble online. A support colleague needs to review the account or checkout issue. Please don't post login, order, or contact details publicly.","I'm sorry you're having trouble online. A support colleague needs to review the account or checkout issue. Please don't post login, order, or contact details publicly.",False,ESCALATE,ACCOUNT_OR_ORDER_LOOKUP,0.0315,[],[],[],"[""money""]"
tesco-538156,tescogpt_guarded_template_v1_policy_v1,product_information,0.71,"Thanks for checking. Product details can change, so a colleague needs to verify the current packaging or product record before Tesco answers.","Thanks for checking. Product details can change, so a colleague needs to verify the current packaging or product record before Tesco answers.",False,ESCALATE,IMAGE_OR_MISSING_CONTEXT,0.0355,[],[],[],"[""image_or_link_dependent""]"
tesco-2850028,tescogpt_guarded_template_v1_policy_v1,other_or_unclear,0.2,"Thanks for contacting Tesco. The issue isn't clear enough to answer safely from the information visible here, so a colleague should review it.","Thanks for contacting Tesco. The issue isn't clear enough to answer safely from the information visible here, so a colleague should review it.",False,ESCALATE,OUT_OF_SCOPE_OR_UNCLEAR,0.02,[],[],[],[]
tesco-2825173,tescogpt_guarded_template_v1_policy_v1,store_or_staff_experience,0.63,I'm sorry about your store experience. A colleague should review the details before Tesco responds. Please don't share personal information publicly.,I'm sorry about your store experience. A colleague should review the details before Tesco responds. Please don't share personal information publicly.,False,ESCALATE,REPEATED_FAILURE_OR_DISTRESS,0.0315,[],[],[],"[""punctuation_heavy"", ""strong_distress""]"
tesco-2951559,tescogpt_guarded_template_v1_policy_v1,store_or_staff_experience,0.63,I'm sorry about your store experience. A colleague should review the details before Tesco responds. Please don't share personal information publicly.,I'm sorry about your store experience. A colleague should review the details before Tesco responds. Please don't share personal information publicly.,False,ESCALATE,HUMAN_JUDGMENT_REQUIRED,0.0945,[],[],[],[]
tesco-2852985,tescogpt_guarded_template_v1_policy_v1,online_account_or_checkout,0.63,"I'm sorry you're having trouble online. A support colleague needs to review the account or checkout issue. Please don't post login, order, or contact details publicly.","I'm sorry you're having trouble online. A support colleague needs to review the account or checkout issue. Please don't post login, order, or contact details publicly.",False,ESCALATE,ACCOUNT_OR_ORDER_LOOKUP,0.0315,[],[],[],[]
tesco-591623,tescogpt_guarded_template_v1_policy_v1,feedback_praise_or_suggestion,0.63,Thanks for taking the time to share this with Tesco—we appreciate your feedback.,Thanks for taking the time to share this with Tesco—we appreciate your feedback.,False,ESCALATE,IMAGE_OR_MISSING_CONTEXT,0.0315,[],[],[],"[""image_or_link_dependent""]"
tesco-569680,tescogpt_guarded_template_v1_policy_v1,other_or_unclear,0.2,"Thanks for contacting Tesco. The issue isn't clear enough to answer safely from the information visible here, so a colleague should review it.","Thanks for contacting Tesco. The issue isn't clear enough to answer safely from the information visible here, so a colleague should review it.",False,ESCALATE,IMAGE_OR_MISSING_CONTEXT,0.01,[],[],[],"[""image_or_link_dependent"", ""punctuation_heavy""]"
tesco-83761,tescogpt_guarded_template_v1_policy_v1,other_or_unclear,0.2,"Thanks for contacting Tesco. The issue isn't clear enough to answer safely from the information visible here, so a colleague should review it.","Thanks for contacting Tesco. The issue isn't clear enough to answer safely from the information visible here, so a colleague should review it.",False,ESCALATE,IMAGE_OR_MISSING_CONTEXT,0.01,[],[],[],"[""context_dependent"", ""image_or_link_dependent""]"
tesco-2935496,tescogpt_guarded_template_v1_policy_v1,delivery_or_collection,0.79,I'm sorry about the delivery or collection issue. A support colleague needs to check the order before Tesco can advise further. Please don't post order or contact details publicly.,I'm sorry about the delivery or collection issue. A support colleague needs to check the order before Tesco can advise further. Please don't post order or contact details publicly.,False,ESCALATE,ACCOUNT_OR_ORDER_LOOKUP,0.0395,[],[],[],"[""account_or_order"", ""punctuation_heavy"", ""repeated_failure"", ""strong_distress""]"
tesco-2880958,tescogpt_guarded_template_v1_policy_v1,online_account_or_checkout,0.71,"I'm sorry you're having trouble online. A support colleague needs to review the account or checkout issue. Please don't post login, order, or contact details publicly.","I'm sorry you're having trouble online. A support colleague needs to review the account or checkout issue. Please don't post login, order, or contact details publicly.",False,ESCALATE,ACCOUNT_OR_ORDER_LOOKUP,0.0355,[],[],[],"[""image_or_link_dependent"", ""repeated_failure""]"
tesco-477170,tescogpt_guarded_template_v1_policy_v1,delivery_or_collection,0.87,I'm sorry about the delivery or collection issue. A support colleague needs to check the order before Tesco can advise further. Please don't post order or contact details publicly.,I'm sorry about the delivery or collection issue. A support colleague needs to check the order before Tesco can advise further. Please don't post order or contact details publicly.,False,ESCALATE,ACCOUNT_OR_ORDER_LOOKUP,0.0435,[],[],[],"[""account_or_order""]"
tesco-83754,tescogpt_guarded_template_v1_policy_v1,delivery_or_collection,0.63,I'm sorry about the delivery or collection issue. A support colleague needs to check the order before Tesco can advise further. Please don't post order or contact details publicly.,I'm sorry about the delivery or collection issue. A support colleague needs to check the order before Tesco can advise further. Please don't post order or contact details publicly.,False,ESCALATE,ACCOUNT_OR_ORDER_LOOKUP,0.0315,[],[],[],"[""account_or_order"", ""image_or_link_dependent""]"
tesco-139128,tescogpt_guarded_template_v1_policy_v1,other_or_unclear,0.2,"Thanks for contacting Tesco. The issue isn't clear enough to answer safely from the information visible here, so a colleague should review it.","Thanks for contacting Tesco. The issue isn't clear enough to answer safely from the information visible here, so a colleague should review it.",False,ESCALATE,IMAGE_OR_MISSING_CONTEXT,0.01,[],[],[],"[""image_or_link_dependent""]"
tesco-539279,tescogpt_guarded_template_v1_policy_v1,other_or_unclear,0.2,"Thanks for contacting Tesco. The issue isn't clear enough to answer safely from the information visible here, so a colleague should review it.","Thanks for contacting Tesco. The issue isn't clear enough to answer safely from the information visible here, so a colleague should review it.",False,ESCALATE,IMAGE_OR_MISSING_CONTEXT,0.01,[],[],[],"[""context_dependent"", ""image_or_link_dependent""]"
tesco-514149,tescogpt_guarded_template_v1_policy_v1,store_or_staff_experience,0.63,I'm sorry about your store experience. A colleague should review the details before Tesco responds. Please don't share personal information publicly.,I'm sorry about your store experience. A colleague should review the details before Tesco responds. Please don't share personal information publicly.,False,ESCALATE,REPEATED_FAILURE_OR_DISTRESS,0.0315,[],[],[],"[""strong_distress""]"
tesco-2886992,tescogpt_guarded_template_v1_policy_v1,other_or_unclear,0.2,"Thanks for contacting Tesco. The issue isn't clear enough to answer safely from the information visible here, so a colleague should review it.","Thanks for contacting Tesco. The issue isn't clear enough to answer safely from the information visible here, so a colleague should review it.",False,ESCALATE,OUT_OF_SCOPE_OR_UNCLEAR,0.02,[],[],[],[]
tesco-2807471,tescogpt_guarded_template_v1_policy_v1,delivery_or_collection,0.71,I'm sorry about the delivery or collection issue. A support colleague needs to check the order before Tesco can advise further. Please don't post order or contact details publicly.,I'm sorry about the delivery or collection issue. A support colleague needs to check the order before Tesco can advise further. Please don't post order or contact details publicly.,False,ESCALATE,ACCOUNT_OR_ORDER_LOOKUP,0.0355,[],[],[],"[""account_or_order"", ""image_or_link_dependent""]"
tesco-468994,tescogpt_guarded_template_v1_policy_v1,online_account_or_checkout,0.63,"I'm sorry you're having trouble online. A support colleague needs to review the account or checkout issue. Please don't post login, order, or contact details publicly.","I'm sorry you're having trouble online. A support colleague needs to review the account or checkout issue. Please don't post login, order, or contact details publicly.",False,ESCALATE,ACCOUNT_OR_ORDER_LOOKUP,0.0315,[],[],[],"[""repeated_failure"", ""strong_distress""]"
tesco-2939796,tescogpt_guarded_template_v1_policy_v1,other_or_unclear,0.2,"Thanks for contacting Tesco. The issue isn't clear enough to answer safely from the information visible here, so a colleague should review it.","Thanks for contacting Tesco. The issue isn't clear enough to answer safely from the information visible here, so a colleague should review it.",False,ESCALATE,OUT_OF_SCOPE_OR_UNCLEAR,0.02,[],[],[],[]
tesco-585177,tescogpt_guarded_template_v1_policy_v1,feedback_praise_or_suggestion,0.63,Thanks for taking the time to share this with Tesco—we appreciate your feedback.,Thanks for taking the time to share this with Tesco—we appreciate your feedback.,False,ESCALATE,IMAGE_OR_MISSING_CONTEXT,0.0315,[],[],[],"[""image_or_link_dependent""]"
tesco-514147,tescogpt_guarded_template_v1_policy_v1,delivery_or_collection,0.87,I'm sorry about the delivery or collection issue. A support colleague needs to check the order before Tesco can advise further. Please don't post order or contact details publicly.,I'm sorry about the delivery or collection issue. A support colleague needs to check the order before Tesco can advise further. Please don't post order or contact details publicly.,False,ESCALATE,ACCOUNT_OR_ORDER_LOOKUP,0.0435,[],[],[],"[""account_or_order""]"
tesco-543244,tescogpt_guarded_template_v1_policy_v1,other_or_unclear,0.2,"Thanks for contacting Tesco. The issue isn't clear enough to answer safely from the information visible here, so a colleague should review it.","Thanks for contacting Tesco. The issue isn't clear enough to answer safely from the information visible here, so a colleague should review it.",False,ESCALATE,OUT_OF_SCOPE_OR_UNCLEAR,0.02,[],[],[],[]
tesco-2520008,tescogpt_guarded_template_v1_policy_v1,store_or_staff_experience,0.63,I'm sorry about your store experience. A colleague should review the details before Tesco responds. Please don't share personal information publicly.,I'm sorry about your store experience. A colleague should review the details before Tesco responds. Please don't share personal information publicly.,False,AUTO_HANDLE,NO_ACTION_NEEDED,0.567,[],[],[],[]
tesco-674362,tescogpt_guarded_template_v1_policy_v1,store_or_staff_experience,0.71,I'm sorry about your store experience. A colleague should review the details before Tesco responds. Please don't share personal information publicly.,I'm sorry about your store experience. A colleague should review the details before Tesco responds. Please don't share personal information publicly.,False,AUTO_HANDLE,NO_ACTION_NEEDED,0.639,[],[],[],[]
tesco-2855849,tescogpt_guarded_template_v1_policy_v1,product_availability,0.63,"Thanks for asking. Availability can vary by store and time, so a colleague needs to verify the current stock information before Tesco answers.","Thanks for asking. Availability can vary by store and time, so a colleague needs to verify the current stock information before Tesco answers.",False,ESCALATE,IMAGE_OR_MISSING_CONTEXT,0.0315,[],[],[],"[""image_or_link_dependent"", ""punctuation_heavy"", ""strong_distress""]"
tesco-561011,tescogpt_guarded_template_v1_policy_v1,feedback_praise_or_suggestion,0.63,Thanks for taking the time to share this with Tesco—we appreciate your feedback.,Thanks for taking the time to share this with Tesco—we appreciate your feedback.,False,AUTO_HANDLE,NO_ACTION_NEEDED,0.5985,[],[],[],[]
tesco-66073,tescogpt_guarded_template_v1_policy_v1,other_or_unclear,0.2,"Thanks for contacting Tesco. The issue isn't clear enough to answer safely from the information visible here, so a colleague should review it.","Thanks for contacting Tesco. The issue isn't clear enough to answer safely from the information visible here, so a colleague should review it.",False,ESCALATE,IMAGE_OR_MISSING_CONTEXT,0.01,[],[],[],"[""image_or_link_dependent"", ""strong_distress""]"
tesco-1309014,tescogpt_guarded_template_v1_policy_v1,delivery_or_collection,0.71,I'm sorry about the delivery or collection issue. A support colleague needs to check the order before Tesco can advise further. Please don't post order or contact details publicly.,I'm sorry about the delivery or collection issue. A support colleague needs to check the order before Tesco can advise further. Please don't post order or contact details publicly.,False,ESCALATE,ACCOUNT_OR_ORDER_LOOKUP,0.0355,[],[],[],"[""account_or_order"", ""money""]"
tesco-477163,tescogpt_guarded_template_v1_policy_v1,store_or_staff_experience,0.71,I'm sorry about your store experience. A colleague should review the details before Tesco responds. Please don't share personal information publicly.,I'm sorry about your store experience. A colleague should review the details before Tesco responds. Please don't share personal information publicly.,False,ESCALATE,HUMAN_JUDGMENT_REQUIRED,0.1065,[],[],[],[]
tesco-555580,tescogpt_guarded_template_v1_policy_v1,other_or_unclear,0.2,"Thanks for contacting Tesco. The issue isn't clear enough to answer safely from the information visible here, so a colleague should review it.","Thanks for contacting Tesco. The issue isn't clear enough to answer safely from the information visible here, so a colleague should review it.",False,ESCALATE,REPEATED_FAILURE_OR_DISTRESS,0.01,[],[],[],"[""strong_distress""]"
tesco-470973,tescogpt_guarded_template_v1_policy_v1,online_account_or_checkout,0.71,"I'm sorry you're having trouble online. A support colleague needs to review the account or checkout issue. Please don't post login, order, or contact details publicly.","I'm sorry you're having trouble online. A support colleague needs to review the account or checkout issue. Please don't post login, order, or contact details publicly.",False,ESCALATE,ACCOUNT_OR_ORDER_LOOKUP,0.0355,[],[],[],"[""account_or_order"", ""image_or_link_dependent"", ""money""]"
tesco-2832248,tescogpt_guarded_template_v1_policy_v1,feedback_praise_or_suggestion,0.63,Thanks for taking the time to share this with Tesco—we appreciate your feedback.,Thanks for taking the time to share this with Tesco—we appreciate your feedback.,False,AUTO_HANDLE,NO_ACTION_NEEDED,0.5985,[],[],[],"[""short_message""]"
tesco-2937169,tescogpt_guarded_template_v1_policy_v1,delivery_or_collection,0.79,I'm sorry about the delivery or collection issue. A support colleague needs to check the order before Tesco can advise further. Please don't post order or contact details publicly.,I'm sorry about the delivery or collection issue. A support colleague needs to check the order before Tesco can advise further. Please don't post order or contact details publicly.,False,ESCALATE,ACCOUNT_OR_ORDER_LOOKUP,0.0395,[],[],[],"[""account_or_order""]"
tesco-464481,tescogpt_guarded_template_v1_policy_v1,delivery_or_collection,0.63,I'm sorry about the delivery or collection issue. A support colleague needs to check the order before Tesco can advise further. Please don't post order or contact details publicly.,I'm sorry about the delivery or collection issue. A support colleague needs to check the order before Tesco can advise further. Please don't post order or contact details publicly.,False,ESCALATE,ACCOUNT_OR_ORDER_LOOKUP,0.0315,[],[],[],"[""account_or_order""]"
tesco-1950433,tescogpt_guarded_template_v1_policy_v1,product_quality_or_safety,0.63,I'm sorry about this. Please stop using the product. A trained colleague needs to review the safety or quality concern before Tesco responds further. Please don't share personal details publicly.,I'm sorry about this. Please stop using the product. A trained colleague needs to review the safety or quality concern before Tesco responds further. Please don't share personal details publicly.,False,ESCALATE,FOOD_SAFETY_OR_INJURY,0.0,[],[],[],"[""injury_or_allergy""]"
tesco-2893970,tescogpt_guarded_template_v1_policy_v1,product_quality_or_safety,0.63,I'm sorry about this. Please stop using the product. A trained colleague needs to review the safety or quality concern before Tesco responds further. Please don't share personal details publicly.,I'm sorry about this. Please stop using the product. A trained colleague needs to review the safety or quality concern before Tesco responds further. Please don't share personal details publicly.,False,ESCALATE,FOOD_SAFETY_OR_INJURY,0.0,[],[],[],"[""food_safety"", ""repeated_failure""]"
tesco-41745,tescogpt_guarded_template_v1_policy_v1,store_or_staff_experience,0.71,I'm sorry about your store experience. A colleague should review the details before Tesco responds. Please don't share personal information publicly.,I'm sorry about your store experience. A colleague should review the details before Tesco responds. Please don't share personal information publicly.,False,AUTO_HANDLE,NO_ACTION_NEEDED,0.639,[],[],[],"[""short_message""]"
tesco-2967145,tescogpt_guarded_template_v1_policy_v1,other_or_unclear,0.2,"Thanks for contacting Tesco. The issue isn't clear enough to answer safely from the information visible here, so a colleague should review it.","Thanks for contacting Tesco. The issue isn't clear enough to answer safely from the information visible here, so a colleague should review it.",False,ESCALATE,OUT_OF_SCOPE_OR_UNCLEAR,0.02,[],[],[],[]
