case_id,system_name,predicted_intent,intent_confidence,draft_reply,handling_decision,decision_reason,evidence_case_ids,evidence_quotes,evidence_scores,safety_flags
tesco-2950175,trivial_constant_v1,other_or_unclear,0.0,Thanks for getting in touch. A colleague will review your message and help.,ESCALATE,OUT_OF_SCOPE_OR_UNCLEAR,[],[],[],[]
tesco-1726133,trivial_constant_v1,other_or_unclear,0.0,Thanks for getting in touch. A colleague will review your message and help.,ESCALATE,OUT_OF_SCOPE_OR_UNCLEAR,[],[],[],[]
tesco-570535,trivial_constant_v1,other_or_unclear,0.0,Thanks for getting in touch. A colleague will review your message and help.,ESCALATE,OUT_OF_SCOPE_OR_UNCLEAR,[],[],[],[]
tesco-585163,trivial_constant_v1,other_or_unclear,0.0,Thanks for getting in touch. A colleague will review your message and help.,ESCALATE,OUT_OF_SCOPE_OR_UNCLEAR,[],[],[],[]
tesco-2699352,trivial_constant_v1,other_or_unclear,0.0,Thanks for getting in touch. A colleague will review your message and help.,ESCALATE,OUT_OF_SCOPE_OR_UNCLEAR,[],[],[],[]
tesco-516771,trivial_constant_v1,other_or_unclear,0.0,Thanks for getting in touch. A colleague will review your message and help.,ESCALATE,OUT_OF_SCOPE_OR_UNCLEAR,[],[],[],[]
tesco-504344,trivial_constant_v1,other_or_unclear,0.0,Thanks for getting in touch. A colleague will review your message and help.,ESCALATE,OUT_OF_SCOPE_OR_UNCLEAR,[],[],[],[]
tesco-2824379,trivial_constant_v1,other_or_unclear,0.0,Thanks for getting in touch. A colleague will review your message and help.,ESCALATE,OUT_OF_SCOPE_OR_UNCLEAR,[],[],[],[]
tesco-628221,trivial_constant_v1,other_or_unclear,0.0,Thanks for getting in touch. A colleague will review your message and help.,ESCALATE,OUT_OF_SCOPE_OR_UNCLEAR,[],[],[],[]
tesco-496166,trivial_constant_v1,other_or_unclear,0.0,Thanks for getting in touch. A colleague will review your message and help.,ESCALATE,OUT_OF_SCOPE_OR_UNCLEAR,[],[],[],[]
tesco-552728,trivial_constant_v1,other_or_unclear,0.0,Thanks for getting in touch. A colleague will review your message and help.,ESCALATE,OUT_OF_SCOPE_OR_UNCLEAR,[],[],[],[]
tesco-479890,trivial_constant_v1,other_or_unclear,0.0,Thanks for getting in touch. A colleague will review your message and help.,ESCALATE,OUT_OF_SCOPE_OR_UNCLEAR,[],[],[],[]
tesco-89598,trivial_constant_v1,other_or_unclear,0.0,Thanks for getting in touch. A colleague will review your message and help.,ESCALATE,OUT_OF_SCOPE_OR_UNCLEAR,[],[],[],[]
tesco-2820812,trivial_constant_v1,other_or_unclear,0.0,Thanks for getting in touch. A colleague will review your message and help.,ESCALATE,OUT_OF_SCOPE_OR_UNCLEAR,[],[],[],[]
tesco-64413,trivial_constant_v1,other_or_unclear,0.0,Thanks for getting in touch. A colleague will review your message and help.,ESCALATE,OUT_OF_SCOPE_OR_UNCLEAR,[],[],[],[]
tesco-2899807,trivial_constant_v1,other_or_unclear,0.0,Thanks for getting in touch. A colleague will review your message and help.,ESCALATE,OUT_OF_SCOPE_OR_UNCLEAR,[],[],[],[]
tesco-562470,trivial_constant_v1,other_or_unclear,0.0,Thanks for getting in touch. A colleague will review your message and help.,ESCALATE,OUT_OF_SCOPE_OR_UNCLEAR,[],[],[],[]
tesco-599505,trivial_constant_v1,other_or_unclear,0.0,Thanks for getting in touch. A colleague will review your message and help.,ESCALATE,OUT_OF_SCOPE_OR_UNCLEAR,[],[],[],[]
tesco-2890034,trivial_constant_v1,other_or_unclear,0.0,Thanks for getting in touch. A colleague will review your message and help.,ESCALATE,OUT_OF_SCOPE_OR_UNCLEAR,[],[],[],[]
tesco-576221,trivial_constant_v1,other_or_unclear,0.0,Thanks for getting in touch. A colleague will review your message and help.,ESCALATE,OUT_OF_SCOPE_OR_UNCLEAR,[],[],[],[]
tesco-2848270,trivial_constant_v1,other_or_unclear,0.0,Thanks for getting in touch. A colleague will review your message and help.,ESCALATE,OUT_OF_SCOPE_OR_UNCLEAR,[],[],[],[]
tesco-2892572,trivial_constant_v1,other_or_unclear,0.0,Thanks for getting in touch. A colleague will review your message and help.,ESCALATE,OUT_OF_SCOPE_OR_UNCLEAR,[],[],[],[]
tesco-2964734,trivial_constant_v1,other_or_unclear,0.0,Thanks for getting in touch. A colleague will review your message and help.,ESCALATE,OUT_OF_SCOPE_OR_UNCLEAR,[],[],[],[]
tesco-74931,trivial_constant_v1,other_or_unclear,0.0,Thanks for getting in touch. A colleague will review your message and help.,ESCALATE,OUT_OF_SCOPE_OR_UNCLEAR,[],[],[],[]
tesco-2935489,trivial_constant_v1,other_or_unclear,0.0,Thanks for getting in touch. A colleague will review your message and help.,ESCALATE,OUT_OF_SCOPE_OR_UNCLEAR,[],[],[],[]
tesco-76260,trivial_constant_v1,other_or_unclear,0.0,Thanks for getting in touch. A colleague will review your message and help.,ESCALATE,OUT_OF_SCOPE_OR_UNCLEAR,[],[],[],[]
tesco-2267056,trivial_constant_v1,other_or_unclear,0.0,Thanks for getting in touch. A colleague will review your message and help.,ESCALATE,OUT_OF_SCOPE_OR_UNCLEAR,[],[],[],[]
tesco-497781,trivial_constant_v1,other_or_unclear,0.0,Thanks for getting in touch. A colleague will review your message and help.,ESCALATE,OUT_OF_SCOPE_OR_UNCLEAR,[],[],[],[]
tesco-2855864,trivial_constant_v1,other_or_unclear,0.0,Thanks for getting in touch. A colleague will review your message and help.,ESCALATE,OUT_OF_SCOPE_OR_UNCLEAR,[],[],[],[]
tesco-577439,trivial_constant_v1,other_or_unclear,0.0,Thanks for getting in touch. A colleague will review your message and help.,ESCALATE,OUT_OF_SCOPE_OR_UNCLEAR,[],[],[],[]
tesco-79513,trivial_constant_v1,other_or_unclear,0.0,Thanks for getting in touch. A colleague will review your message and help.,ESCALATE,OUT_OF_SCOPE_OR_UNCLEAR,[],[],[],[]
tesco-2937805,trivial_constant_v1,other_or_unclear,0.0,Thanks for getting in touch. A colleague will review your message and help.,ESCALATE,OUT_OF_SCOPE_OR_UNCLEAR,[],[],[],[]
tesco-106393,trivial_constant_v1,other_or_unclear,0.0,Thanks for getting in touch. A colleague will review your message and help.,ESCALATE,OUT_OF_SCOPE_OR_UNCLEAR,[],[],[],[]
tesco-2908618,trivial_constant_v1,other_or_unclear,0.0,Thanks for getting in touch. A colleague will review your message and help.,ESCALATE,OUT_OF_SCOPE_OR_UNCLEAR,[],[],[],[]
tesco-2839331,trivial_constant_v1,other_or_unclear,0.0,Thanks for getting in touch. A colleague will review your message and help.,ESCALATE,OUT_OF_SCOPE_OR_UNCLEAR,[],[],[],[]
tesco-2934771,trivial_constant_v1,other_or_unclear,0.0,Thanks for getting in touch. A colleague will review your message and help.,ESCALATE,OUT_OF_SCOPE_OR_UNCLEAR,[],[],[],[]
tesco-1971968,trivial_constant_v1,other_or_unclear,0.0,Thanks for getting in touch. A colleague will review your message and help.,ESCALATE,OUT_OF_SCOPE_OR_UNCLEAR,[],[],[],[]
tesco-2885411,trivial_constant_v1,other_or_unclear,0.0,Thanks for getting in touch. A colleague will review your message and help.,ESCALATE,OUT_OF_SCOPE_OR_UNCLEAR,[],[],[],[]
tesco-568003,trivial_constant_v1,other_or_unclear,0.0,Thanks for getting in touch. A colleague will review your message and help.,ESCALATE,OUT_OF_SCOPE_OR_UNCLEAR,[],[],[],[]
tesco-2920812,trivial_constant_v1,other_or_unclear,0.0,Thanks for getting in touch. A colleague will review your message and help.,ESCALATE,OUT_OF_SCOPE_OR_UNCLEAR,[],[],[],[]
tesco-2960691,trivial_constant_v1,other_or_unclear,0.0,Thanks for getting in touch. A colleague will review your message and help.,ESCALATE,OUT_OF_SCOPE_OR_UNCLEAR,[],[],[],[]
tesco-2827775,trivial_constant_v1,other_or_unclear,0.0,Thanks for getting in touch. A colleague will review your message and help.,ESCALATE,OUT_OF_SCOPE_OR_UNCLEAR,[],[],[],[]
tesco-2846465,trivial_constant_v1,other_or_unclear,0.0,Thanks for getting in touch. A colleague will review your message and help.,ESCALATE,OUT_OF_SCOPE_OR_UNCLEAR,[],[],[],[]
tesco-504331,trivial_constant_v1,other_or_unclear,0.0,Thanks for getting in touch. A colleague will review your message and help.,ESCALATE,OUT_OF_SCOPE_OR_UNCLEAR,[],[],[],[]
tesco-454997,trivial_constant_v1,other_or_unclear,0.0,Thanks for getting in touch. A colleague will review your message and help.,ESCALATE,OUT_OF_SCOPE_OR_UNCLEAR,[],[],[],[]
tesco-536216,trivial_constant_v1,other_or_unclear,0.0,Thanks for getting in touch. A colleague will review your message and help.,ESCALATE,OUT_OF_SCOPE_OR_UNCLEAR,[],[],[],[]
tesco-475220,trivial_constant_v1,other_or_unclear,0.0,Thanks for getting in touch. A colleague will review your message and help.,ESCALATE,OUT_OF_SCOPE_OR_UNCLEAR,[],[],[],[]
tesco-1868285,trivial_constant_v1,other_or_unclear,0.0,Thanks for getting in touch. A colleague will review your message and help.,ESCALATE,OUT_OF_SCOPE_OR_UNCLEAR,[],[],[],[]
tesco-2896686,trivial_constant_v1,other_or_unclear,0.0,Thanks for getting in touch. A colleague will review your message and help.,ESCALATE,OUT_OF_SCOPE_OR_UNCLEAR,[],[],[],[]
tesco-573793,trivial_constant_v1,other_or_unclear,0.0,Thanks for getting in touch. A colleague will review your message and help.,ESCALATE,OUT_OF_SCOPE_OR_UNCLEAR,[],[],[],[]
tesco-2841165,trivial_constant_v1,other_or_unclear,0.0,Thanks for getting in touch. A colleague will review your message and help.,ESCALATE,OUT_OF_SCOPE_OR_UNCLEAR,[],[],[],[]
tesco-2913751,trivial_constant_v1,other_or_unclear,0.0,Thanks for getting in touch. A colleague will review your message and help.,ESCALATE,OUT_OF_SCOPE_OR_UNCLEAR,[],[],[],[]
tesco-454716,trivial_constant_v1,other_or_unclear,0.0,Thanks for getting in touch. A colleague will review your message and help.,ESCALATE,OUT_OF_SCOPE_OR_UNCLEAR,[],[],[],[]
tesco-93970,trivial_constant_v1,other_or_unclear,0.0,Thanks for getting in touch. A colleague will review your message and help.,ESCALATE,OUT_OF_SCOPE_OR_UNCLEAR,[],[],[],[]
tesco-2930442,trivial_constant_v1,other_or_unclear,0.0,Thanks for getting in touch. A colleague will review your message and help.,ESCALATE,OUT_OF_SCOPE_OR_UNCLEAR,[],[],[],[]
tesco-446932,trivial_constant_v1,other_or_unclear,0.0,Thanks for getting in touch. A colleague will review your message and help.,ESCALATE,OUT_OF_SCOPE_OR_UNCLEAR,[],[],[],[]
tesco-2871186,trivial_constant_v1,other_or_unclear,0.0,Thanks for getting in touch. A colleague will review your message and help.,ESCALATE,OUT_OF_SCOPE_OR_UNCLEAR,[],[],[],[]
tesco-2957901,trivial_constant_v1,other_or_unclear,0.0,Thanks for getting in touch. A colleague will review your message and help.,ESCALATE,OUT_OF_SCOPE_OR_UNCLEAR,[],[],[],[]
tesco-502703,trivial_constant_v1,other_or_unclear,0.0,Thanks for getting in touch. A colleague will review your message and help.,ESCALATE,OUT_OF_SCOPE_OR_UNCLEAR,[],[],[],[]
tesco-2830203,trivial_constant_v1,other_or_unclear,0.0,Thanks for getting in touch. A colleague will review your message and help.,ESCALATE,OUT_OF_SCOPE_OR_UNCLEAR,[],[],[],[]
tesco-535394,trivial_constant_v1,other_or_unclear,0.0,Thanks for getting in touch. A colleague will review your message and help.,ESCALATE,OUT_OF_SCOPE_OR_UNCLEAR,[],[],[],[]
tesco-518960,trivial_constant_v1,other_or_unclear,0.0,Thanks for getting in touch. A colleague will review your message and help.,ESCALATE,OUT_OF_SCOPE_OR_UNCLEAR,[],[],[],[]
tesco-2611817,trivial_constant_v1,other_or_unclear,0.0,Thanks for getting in touch. A colleague will review your message and help.,ESCALATE,OUT_OF_SCOPE_OR_UNCLEAR,[],[],[],[]
tesco-2888931,trivial_constant_v1,other_or_unclear,0.0,Thanks for getting in touch. A colleague will review your message and help.,ESCALATE,OUT_OF_SCOPE_OR_UNCLEAR,[],[],[],[]
tesco-555532,trivial_constant_v1,other_or_unclear,0.0,Thanks for getting in touch. A colleague will review your message and help.,ESCALATE,OUT_OF_SCOPE_OR_UNCLEAR,[],[],[],[]
tesco-2883065,trivial_constant_v1,other_or_unclear,0.0,Thanks for getting in touch. A colleague will review your message and help.,ESCALATE,OUT_OF_SCOPE_OR_UNCLEAR,[],[],[],[]
tesco-2888917,trivial_constant_v1,other_or_unclear,0.0,Thanks for getting in touch. A colleague will review your message and help.,ESCALATE,OUT_OF_SCOPE_OR_UNCLEAR,[],[],[],[]
tesco-2898277,trivial_constant_v1,other_or_unclear,0.0,Thanks for getting in touch. A colleague will review your message and help.,ESCALATE,OUT_OF_SCOPE_OR_UNCLEAR,[],[],[],[]
tesco-77780,trivial_constant_v1,other_or_unclear,0.0,Thanks for getting in touch. A colleague will review your message and help.,ESCALATE,OUT_OF_SCOPE_OR_UNCLEAR,[],[],[],[]
tesco-1773780,trivial_constant_v1,other_or_unclear,0.0,Thanks for getting in touch. A colleague will review your message and help.,ESCALATE,OUT_OF_SCOPE_OR_UNCLEAR,[],[],[],[]
tesco-547281,trivial_constant_v1,other_or_unclear,0.0,Thanks for getting in touch. A colleague will review your message and help.,ESCALATE,OUT_OF_SCOPE_OR_UNCLEAR,[],[],[],[]
tesco-2784862,trivial_constant_v1,other_or_unclear,0.0,Thanks for getting in touch. A colleague will review your message and help.,ESCALATE,OUT_OF_SCOPE_OR_UNCLEAR,[],[],[],[]
tesco-2943803,trivial_constant_v1,other_or_unclear,0.0,Thanks for getting in touch. A colleague will review your message and help.,ESCALATE,OUT_OF_SCOPE_OR_UNCLEAR,[],[],[],[]
tesco-2964726,trivial_constant_v1,other_or_unclear,0.0,Thanks for getting in touch. A colleague will review your message and help.,ESCALATE,OUT_OF_SCOPE_OR_UNCLEAR,[],[],[],[]
tesco-2963388,trivial_constant_v1,other_or_unclear,0.0,Thanks for getting in touch. A colleague will review your message and help.,ESCALATE,OUT_OF_SCOPE_OR_UNCLEAR,[],[],[],[]
tesco-541729,trivial_constant_v1,other_or_unclear,0.0,Thanks for getting in touch. A colleague will review your message and help.,ESCALATE,OUT_OF_SCOPE_OR_UNCLEAR,[],[],[],[]
tesco-2946158,trivial_constant_v1,other_or_unclear,0.0,Thanks for getting in touch. A colleague will review your message and help.,ESCALATE,OUT_OF_SCOPE_OR_UNCLEAR,[],[],[],[]
tesco-2818165,trivial_constant_v1,other_or_unclear,0.0,Thanks for getting in touch. A colleague will review your message and help.,ESCALATE,OUT_OF_SCOPE_OR_UNCLEAR,[],[],[],[]
tesco-2938775,trivial_constant_v1,other_or_unclear,0.0,Thanks for getting in touch. A colleague will review your message and help.,ESCALATE,OUT_OF_SCOPE_OR_UNCLEAR,[],[],[],[]
tesco-2893982,trivial_constant_v1,other_or_unclear,0.0,Thanks for getting in touch. A colleague will review your message and help.,ESCALATE,OUT_OF_SCOPE_OR_UNCLEAR,[],[],[],[]
tesco-2975092,trivial_constant_v1,other_or_unclear,0.0,Thanks for getting in touch. A colleague will review your message and help.,ESCALATE,OUT_OF_SCOPE_OR_UNCLEAR,[],[],[],[]
tesco-95893,trivial_constant_v1,other_or_unclear,0.0,Thanks for getting in touch. A colleague will review your message and help.,ESCALATE,OUT_OF_SCOPE_OR_UNCLEAR,[],[],[],[]
tesco-2933230,trivial_constant_v1,other_or_unclear,0.0,Thanks for getting in touch. A colleague will review your message and help.,ESCALATE,OUT_OF_SCOPE_OR_UNCLEAR,[],[],[],[]
tesco-2941541,trivial_constant_v1,other_or_unclear,0.0,Thanks for getting in touch. A colleague will review your message and help.,ESCALATE,OUT_OF_SCOPE_OR_UNCLEAR,[],[],[],[]
tesco-1986657,trivial_constant_v1,other_or_unclear,0.0,Thanks for getting in touch. A colleague will review your message and help.,ESCALATE,OUT_OF_SCOPE_OR_UNCLEAR,[],[],[],[]
tesco-603618,trivial_constant_v1,other_or_unclear,0.0,Thanks for getting in touch. A colleague will review your message and help.,ESCALATE,OUT_OF_SCOPE_OR_UNCLEAR,[],[],[],[]
tesco-564560,trivial_constant_v1,other_or_unclear,0.0,Thanks for getting in touch. A colleague will review your message and help.,ESCALATE,OUT_OF_SCOPE_OR_UNCLEAR,[],[],[],[]
tesco-83748,trivial_constant_v1,other_or_unclear,0.0,Thanks for getting in touch. A colleague will review your message and help.,ESCALATE,OUT_OF_SCOPE_OR_UNCLEAR,[],[],[],[]
tesco-2846456,trivial_constant_v1,other_or_unclear,0.0,Thanks for getting in touch. A colleague will review your message and help.,ESCALATE,OUT_OF_SCOPE_OR_UNCLEAR,[],[],[],[]
tesco-100237,trivial_constant_v1,other_or_unclear,0.0,Thanks for getting in touch. A colleague will review your message and help.,ESCALATE,OUT_OF_SCOPE_OR_UNCLEAR,[],[],[],[]
tesco-2832260,trivial_constant_v1,other_or_unclear,0.0,Thanks for getting in touch. A colleague will review your message and help.,ESCALATE,OUT_OF_SCOPE_OR_UNCLEAR,[],[],[],[]
tesco-2943844,trivial_constant_v1,other_or_unclear,0.0,Thanks for getting in touch. A colleague will review your message and help.,ESCALATE,OUT_OF_SCOPE_OR_UNCLEAR,[],[],[],[]
tesco-2963385,trivial_constant_v1,other_or_unclear,0.0,Thanks for getting in touch. A colleague will review your message and help.,ESCALATE,OUT_OF_SCOPE_OR_UNCLEAR,[],[],[],[]
tesco-524365,trivial_constant_v1,other_or_unclear,0.0,Thanks for getting in touch. A colleague will review your message and help.,ESCALATE,OUT_OF_SCOPE_OR_UNCLEAR,[],[],[],[]
tesco-2837814,trivial_constant_v1,other_or_unclear,0.0,Thanks for getting in touch. A colleague will review your message and help.,ESCALATE,OUT_OF_SCOPE_OR_UNCLEAR,[],[],[],[]
tesco-70745,trivial_constant_v1,other_or_unclear,0.0,Thanks for getting in touch. A colleague will review your message and help.,ESCALATE,OUT_OF_SCOPE_OR_UNCLEAR,[],[],[],[]
tesco-2939802,trivial_constant_v1,other_or_unclear,0.0,Thanks for getting in touch. A colleague will review your message and help.,ESCALATE,OUT_OF_SCOPE_OR_UNCLEAR,[],[],[],[]
tesco-2833771,trivial_constant_v1,other_or_unclear,0.0,Thanks for getting in touch. A colleague will review your message and help.,ESCALATE,OUT_OF_SCOPE_OR_UNCLEAR,[],[],[],[]
tesco-2489376,trivial_constant_v1,other_or_unclear,0.0,Thanks for getting in touch. A colleague will review your message and help.,ESCALATE,OUT_OF_SCOPE_OR_UNCLEAR,[],[],[],[]
tesco-547270,trivial_constant_v1,other_or_unclear,0.0,Thanks for getting in touch. A colleague will review your message and help.,ESCALATE,OUT_OF_SCOPE_OR_UNCLEAR,[],[],[],[]
tesco-583105,trivial_constant_v1,other_or_unclear,0.0,Thanks for getting in touch. A colleague will review your message and help.,ESCALATE,OUT_OF_SCOPE_OR_UNCLEAR,[],[],[],[]
tesco-2905888,trivial_constant_v1,other_or_unclear,0.0,Thanks for getting in touch. A colleague will review your message and help.,ESCALATE,OUT_OF_SCOPE_OR_UNCLEAR,[],[],[],[]
tesco-2822709,trivial_constant_v1,other_or_unclear,0.0,Thanks for getting in touch. A colleague will review your message and help.,ESCALATE,OUT_OF_SCOPE_OR_UNCLEAR,[],[],[],[]
tesco-2865525,trivial_constant_v1,other_or_unclear,0.0,Thanks for getting in touch. A colleague will review your message and help.,ESCALATE,OUT_OF_SCOPE_OR_UNCLEAR,[],[],[],[]
tesco-2895435,trivial_constant_v1,other_or_unclear,0.0,Thanks for getting in touch. A colleague will review your message and help.,ESCALATE,OUT_OF_SCOPE_OR_UNCLEAR,[],[],[],[]
tesco-577442,trivial_constant_v1,other_or_unclear,0.0,Thanks for getting in touch. A colleague will review your message and help.,ESCALATE,OUT_OF_SCOPE_OR_UNCLEAR,[],[],[],[]
tesco-510576,trivial_constant_v1,other_or_unclear,0.0,Thanks for getting in touch. A colleague will review your message and help.,ESCALATE,OUT_OF_SCOPE_OR_UNCLEAR,[],[],[],[]
tesco-508905,trivial_constant_v1,other_or_unclear,0.0,Thanks for getting in touch. A colleague will review your message and help.,ESCALATE,OUT_OF_SCOPE_OR_UNCLEAR,[],[],[],[]
tesco-2848277,trivial_constant_v1,other_or_unclear,0.0,Thanks for getting in touch. A colleague will review your message and help.,ESCALATE,OUT_OF_SCOPE_OR_UNCLEAR,[],[],[],[]
tesco-2219694,trivial_constant_v1,other_or_unclear,0.0,Thanks for getting in touch. A colleague will review your message and help.,ESCALATE,OUT_OF_SCOPE_OR_UNCLEAR,[],[],[],[]
tesco-2956325,trivial_constant_v1,other_or_unclear,0.0,Thanks for getting in touch. A colleague will review your message and help.,ESCALATE,OUT_OF_SCOPE_OR_UNCLEAR,[],[],[],[]
tesco-2899827,trivial_constant_v1,other_or_unclear,0.0,Thanks for getting in touch. A colleague will review your message and help.,ESCALATE,OUT_OF_SCOPE_OR_UNCLEAR,[],[],[],[]
tesco-73791,trivial_constant_v1,other_or_unclear,0.0,Thanks for getting in touch. A colleague will review your message and help.,ESCALATE,OUT_OF_SCOPE_OR_UNCLEAR,[],[],[],[]
tesco-2893964,trivial_constant_v1,other_or_unclear,0.0,Thanks for getting in touch. A colleague will review your message and help.,ESCALATE,OUT_OF_SCOPE_OR_UNCLEAR,[],[],[],[]
tesco-547256,trivial_constant_v1,other_or_unclear,0.0,Thanks for getting in touch. A colleague will review your message and help.,ESCALATE,OUT_OF_SCOPE_OR_UNCLEAR,[],[],[],[]
tesco-550091,trivial_constant_v1,other_or_unclear,0.0,Thanks for getting in touch. A colleague will review your message and help.,ESCALATE,OUT_OF_SCOPE_OR_UNCLEAR,[],[],[],[]
tesco-2965892,trivial_constant_v1,other_or_unclear,0.0,Thanks for getting in touch. A colleague will review your message and help.,ESCALATE,OUT_OF_SCOPE_OR_UNCLEAR,[],[],[],[]
tesco-2577726,trivial_constant_v1,other_or_unclear,0.0,Thanks for getting in touch. A colleague will review your message and help.,ESCALATE,OUT_OF_SCOPE_OR_UNCLEAR,[],[],[],[]
tesco-1053285,trivial_constant_v1,other_or_unclear,0.0,Thanks for getting in touch. A colleague will review your message and help.,ESCALATE,OUT_OF_SCOPE_OR_UNCLEAR,[],[],[],[]
tesco-2913739,trivial_constant_v1,other_or_unclear,0.0,Thanks for getting in touch. A colleague will review your message and help.,ESCALATE,OUT_OF_SCOPE_OR_UNCLEAR,[],[],[],[]
tesco-97692,trivial_constant_v1,other_or_unclear,0.0,Thanks for getting in touch. A colleague will review your message and help.,ESCALATE,OUT_OF_SCOPE_OR_UNCLEAR,[],[],[],[]
tesco-552753,trivial_constant_v1,other_or_unclear,0.0,Thanks for getting in touch. A colleague will review your message and help.,ESCALATE,OUT_OF_SCOPE_OR_UNCLEAR,[],[],[],[]
tesco-2844532,trivial_constant_v1,other_or_unclear,0.0,Thanks for getting in touch. A colleague will review your message and help.,ESCALATE,OUT_OF_SCOPE_OR_UNCLEAR,[],[],[],[]
tesco-2846417,trivial_constant_v1,other_or_unclear,0.0,Thanks for getting in touch. A colleague will review your message and help.,ESCALATE,OUT_OF_SCOPE_OR_UNCLEAR,[],[],[],[]
tesco-584179,trivial_constant_v1,other_or_unclear,0.0,Thanks for getting in touch. A colleague will review your message and help.,ESCALATE,OUT_OF_SCOPE_OR_UNCLEAR,[],[],[],[]
tesco-583097,trivial_constant_v1,other_or_unclear,0.0,Thanks for getting in touch. A colleague will review your message and help.,ESCALATE,OUT_OF_SCOPE_OR_UNCLEAR,[],[],[],[]
tesco-587554,trivial_constant_v1,other_or_unclear,0.0,Thanks for getting in touch. A colleague will review your message and help.,ESCALATE,OUT_OF_SCOPE_OR_UNCLEAR,[],[],[],[]
tesco-590187,trivial_constant_v1,other_or_unclear,0.0,Thanks for getting in touch. A colleague will review your message and help.,ESCALATE,OUT_OF_SCOPE_OR_UNCLEAR,[],[],[],[]
tesco-2923097,trivial_constant_v1,other_or_unclear,0.0,Thanks for getting in touch. A colleague will review your message and help.,ESCALATE,OUT_OF_SCOPE_OR_UNCLEAR,[],[],[],[]
tesco-452145,trivial_constant_v1,other_or_unclear,0.0,Thanks for getting in touch. A colleague will review your message and help.,ESCALATE,OUT_OF_SCOPE_OR_UNCLEAR,[],[],[],[]
tesco-508884,trivial_constant_v1,other_or_unclear,0.0,Thanks for getting in touch. A colleague will review your message and help.,ESCALATE,OUT_OF_SCOPE_OR_UNCLEAR,[],[],[],[]
tesco-2519910,trivial_constant_v1,other_or_unclear,0.0,Thanks for getting in touch. A colleague will review your message and help.,ESCALATE,OUT_OF_SCOPE_OR_UNCLEAR,[],[],[],[]
tesco-2934029,trivial_constant_v1,other_or_unclear,0.0,Thanks for getting in touch. A colleague will review your message and help.,ESCALATE,OUT_OF_SCOPE_OR_UNCLEAR,[],[],[],[]
tesco-461646,trivial_constant_v1,other_or_unclear,0.0,Thanks for getting in touch. A colleague will review your message and help.,ESCALATE,OUT_OF_SCOPE_OR_UNCLEAR,[],[],[],[]
tesco-2831183,trivial_constant_v1,other_or_unclear,0.0,Thanks for getting in touch. A colleague will review your message and help.,ESCALATE,OUT_OF_SCOPE_OR_UNCLEAR,[],[],[],[]
tesco-2258735,trivial_constant_v1,other_or_unclear,0.0,Thanks for getting in touch. A colleague will review your message and help.,ESCALATE,OUT_OF_SCOPE_OR_UNCLEAR,[],[],[],[]
tesco-104151,trivial_constant_v1,other_or_unclear,0.0,Thanks for getting in touch. A colleague will review your message and help.,ESCALATE,OUT_OF_SCOPE_OR_UNCLEAR,[],[],[],[]
tesco-2912314,trivial_constant_v1,other_or_unclear,0.0,Thanks for getting in touch. A colleague will review your message and help.,ESCALATE,OUT_OF_SCOPE_OR_UNCLEAR,[],[],[],[]
tesco-481148,trivial_constant_v1,other_or_unclear,0.0,Thanks for getting in touch. A colleague will review your message and help.,ESCALATE,OUT_OF_SCOPE_OR_UNCLEAR,[],[],[],[]
tesco-488913,trivial_constant_v1,other_or_unclear,0.0,Thanks for getting in touch. A colleague will review your message and help.,ESCALATE,OUT_OF_SCOPE_OR_UNCLEAR,[],[],[],[]
tesco-568989,trivial_constant_v1,other_or_unclear,0.0,Thanks for getting in touch. A colleague will review your message and help.,ESCALATE,OUT_OF_SCOPE_OR_UNCLEAR,[],[],[],[]
tesco-2944940,trivial_constant_v1,other_or_unclear,0.0,Thanks for getting in touch. A colleague will review your message and help.,ESCALATE,OUT_OF_SCOPE_OR_UNCLEAR,[],[],[],[]
tesco-537001,trivial_constant_v1,other_or_unclear,0.0,Thanks for getting in touch. A colleague will review your message and help.,ESCALATE,OUT_OF_SCOPE_OR_UNCLEAR,[],[],[],[]
tesco-566379,trivial_constant_v1,other_or_unclear,0.0,Thanks for getting in touch. A colleague will review your message and help.,ESCALATE,OUT_OF_SCOPE_OR_UNCLEAR,[],[],[],[]
tesco-2825152,trivial_constant_v1,other_or_unclear,0.0,Thanks for getting in touch. A colleague will review your message and help.,ESCALATE,OUT_OF_SCOPE_OR_UNCLEAR,[],[],[],[]
tesco-536162,trivial_constant_v1,other_or_unclear,0.0,Thanks for getting in touch. A colleague will review your message and help.,ESCALATE,OUT_OF_SCOPE_OR_UNCLEAR,[],[],[],[]
tesco-579499,trivial_constant_v1,other_or_unclear,0.0,Thanks for getting in touch. A colleague will review your message and help.,ESCALATE,OUT_OF_SCOPE_OR_UNCLEAR,[],[],[],[]
tesco-2812976,trivial_constant_v1,other_or_unclear,0.0,Thanks for getting in touch. A colleague will review your message and help.,ESCALATE,OUT_OF_SCOPE_OR_UNCLEAR,[],[],[],[]
tesco-539286,trivial_constant_v1,other_or_unclear,0.0,Thanks for getting in touch. A colleague will review your message and help.,ESCALATE,OUT_OF_SCOPE_OR_UNCLEAR,[],[],[],[]
tesco-492486,trivial_constant_v1,other_or_unclear,0.0,Thanks for getting in touch. A colleague will review your message and help.,ESCALATE,OUT_OF_SCOPE_OR_UNCLEAR,[],[],[],[]
tesco-2956338,trivial_constant_v1,other_or_unclear,0.0,Thanks for getting in touch. A colleague will review your message and help.,ESCALATE,OUT_OF_SCOPE_OR_UNCLEAR,[],[],[],[]
tesco-86447,trivial_constant_v1,other_or_unclear,0.0,Thanks for getting in touch. A colleague will review your message and help.,ESCALATE,OUT_OF_SCOPE_OR_UNCLEAR,[],[],[],[]
tesco-2831178,trivial_constant_v1,other_or_unclear,0.0,Thanks for getting in touch. A colleague will review your message and help.,ESCALATE,OUT_OF_SCOPE_OR_UNCLEAR,[],[],[],[]
tesco-2861188,trivial_constant_v1,other_or_unclear,0.0,Thanks for getting in touch. A colleague will review your message and help.,ESCALATE,OUT_OF_SCOPE_OR_UNCLEAR,[],[],[],[]
tesco-104179,trivial_constant_v1,other_or_unclear,0.0,Thanks for getting in touch. A colleague will review your message and help.,ESCALATE,OUT_OF_SCOPE_OR_UNCLEAR,[],[],[],[]
tesco-499299,trivial_constant_v1,other_or_unclear,0.0,Thanks for getting in touch. A colleague will review your message and help.,ESCALATE,OUT_OF_SCOPE_OR_UNCLEAR,[],[],[],[]
tesco-10564,trivial_constant_v1,other_or_unclear,0.0,Thanks for getting in touch. A colleague will review your message and help.,ESCALATE,OUT_OF_SCOPE_OR_UNCLEAR,[],[],[],[]
tesco-470977,trivial_constant_v1,other_or_unclear,0.0,Thanks for getting in touch. A colleague will review your message and help.,ESCALATE,OUT_OF_SCOPE_OR_UNCLEAR,[],[],[],[]
tesco-2948974,trivial_constant_v1,other_or_unclear,0.0,Thanks for getting in touch. A colleague will review your message and help.,ESCALATE,OUT_OF_SCOPE_OR_UNCLEAR,[],[],[],[]
tesco-580199,trivial_constant_v1,other_or_unclear,0.0,Thanks for getting in touch. A colleague will review your message and help.,ESCALATE,OUT_OF_SCOPE_OR_UNCLEAR,[],[],[],[]
tesco-2902767,trivial_constant_v1,other_or_unclear,0.0,Thanks for getting in touch. A colleague will review your message and help.,ESCALATE,OUT_OF_SCOPE_OR_UNCLEAR,[],[],[],[]
tesco-91710,trivial_constant_v1,other_or_unclear,0.0,Thanks for getting in touch. A colleague will review your message and help.,ESCALATE,OUT_OF_SCOPE_OR_UNCLEAR,[],[],[],[]
tesco-538156,trivial_constant_v1,other_or_unclear,0.0,Thanks for getting in touch. A colleague will review your message and help.,ESCALATE,OUT_OF_SCOPE_OR_UNCLEAR,[],[],[],[]
tesco-2850028,trivial_constant_v1,other_or_unclear,0.0,Thanks for getting in touch. A colleague will review your message and help.,ESCALATE,OUT_OF_SCOPE_OR_UNCLEAR,[],[],[],[]
tesco-2825173,trivial_constant_v1,other_or_unclear,0.0,Thanks for getting in touch. A colleague will review your message and help.,ESCALATE,OUT_OF_SCOPE_OR_UNCLEAR,[],[],[],[]
tesco-2951559,trivial_constant_v1,other_or_unclear,0.0,Thanks for getting in touch. A colleague will review your message and help.,ESCALATE,OUT_OF_SCOPE_OR_UNCLEAR,[],[],[],[]
tesco-2852985,trivial_constant_v1,other_or_unclear,0.0,Thanks for getting in touch. A colleague will review your message and help.,ESCALATE,OUT_OF_SCOPE_OR_UNCLEAR,[],[],[],[]
tesco-591623,trivial_constant_v1,other_or_unclear,0.0,Thanks for getting in touch. A colleague will review your message and help.,ESCALATE,OUT_OF_SCOPE_OR_UNCLEAR,[],[],[],[]
tesco-569680,trivial_constant_v1,other_or_unclear,0.0,Thanks for getting in touch. A colleague will review your message and help.,ESCALATE,OUT_OF_SCOPE_OR_UNCLEAR,[],[],[],[]
tesco-83761,trivial_constant_v1,other_or_unclear,0.0,Thanks for getting in touch. A colleague will review your message and help.,ESCALATE,OUT_OF_SCOPE_OR_UNCLEAR,[],[],[],[]
tesco-2935496,trivial_constant_v1,other_or_unclear,0.0,Thanks for getting in touch. A colleague will review your message and help.,ESCALATE,OUT_OF_SCOPE_OR_UNCLEAR,[],[],[],[]
tesco-2880958,trivial_constant_v1,other_or_unclear,0.0,Thanks for getting in touch. A colleague will review your message and help.,ESCALATE,OUT_OF_SCOPE_OR_UNCLEAR,[],[],[],[]
tesco-477170,trivial_constant_v1,other_or_unclear,0.0,Thanks for getting in touch. A colleague will review your message and help.,ESCALATE,OUT_OF_SCOPE_OR_UNCLEAR,[],[],[],[]
tesco-83754,trivial_constant_v1,other_or_unclear,0.0,Thanks for getting in touch. A colleague will review your message and help.,ESCALATE,OUT_OF_SCOPE_OR_UNCLEAR,[],[],[],[]
tesco-139128,trivial_constant_v1,other_or_unclear,0.0,Thanks for getting in touch. A colleague will review your message and help.,ESCALATE,OUT_OF_SCOPE_OR_UNCLEAR,[],[],[],[]
tesco-539279,trivial_constant_v1,other_or_unclear,0.0,Thanks for getting in touch. A colleague will review your message and help.,ESCALATE,OUT_OF_SCOPE_OR_UNCLEAR,[],[],[],[]
tesco-514149,trivial_constant_v1,other_or_unclear,0.0,Thanks for getting in touch. A colleague will review your message and help.,ESCALATE,OUT_OF_SCOPE_OR_UNCLEAR,[],[],[],[]
tesco-2886992,trivial_constant_v1,other_or_unclear,0.0,Thanks for getting in touch. A colleague will review your message and help.,ESCALATE,OUT_OF_SCOPE_OR_UNCLEAR,[],[],[],[]
tesco-2807471,trivial_constant_v1,other_or_unclear,0.0,Thanks for getting in touch. A colleague will review your message and help.,ESCALATE,OUT_OF_SCOPE_OR_UNCLEAR,[],[],[],[]
tesco-468994,trivial_constant_v1,other_or_unclear,0.0,Thanks for getting in touch. A colleague will review your message and help.,ESCALATE,OUT_OF_SCOPE_OR_UNCLEAR,[],[],[],[]
tesco-2939796,trivial_constant_v1,other_or_unclear,0.0,Thanks for getting in touch. A colleague will review your message and help.,ESCALATE,OUT_OF_SCOPE_OR_UNCLEAR,[],[],[],[]
tesco-585177,trivial_constant_v1,other_or_unclear,0.0,Thanks for getting in touch. A colleague will review your message and help.,ESCALATE,OUT_OF_SCOPE_OR_UNCLEAR,[],[],[],[]
tesco-514147,trivial_constant_v1,other_or_unclear,0.0,Thanks for getting in touch. A colleague will review your message and help.,ESCALATE,OUT_OF_SCOPE_OR_UNCLEAR,[],[],[],[]
tesco-543244,trivial_constant_v1,other_or_unclear,0.0,Thanks for getting in touch. A colleague will review your message and help.,ESCALATE,OUT_OF_SCOPE_OR_UNCLEAR,[],[],[],[]
tesco-2520008,trivial_constant_v1,other_or_unclear,0.0,Thanks for getting in touch. A colleague will review your message and help.,ESCALATE,OUT_OF_SCOPE_OR_UNCLEAR,[],[],[],[]
tesco-674362,trivial_constant_v1,other_or_unclear,0.0,Thanks for getting in touch. A colleague will review your message and help.,ESCALATE,OUT_OF_SCOPE_OR_UNCLEAR,[],[],[],[]
tesco-2855849,trivial_constant_v1,other_or_unclear,0.0,Thanks for getting in touch. A colleague will review your message and help.,ESCALATE,OUT_OF_SCOPE_OR_UNCLEAR,[],[],[],[]
tesco-561011,trivial_constant_v1,other_or_unclear,0.0,Thanks for getting in touch. A colleague will review your message and help.,ESCALATE,OUT_OF_SCOPE_OR_UNCLEAR,[],[],[],[]
tesco-66073,trivial_constant_v1,other_or_unclear,0.0,Thanks for getting in touch. A colleague will review your message and help.,ESCALATE,OUT_OF_SCOPE_OR_UNCLEAR,[],[],[],[]
tesco-1309014,trivial_constant_v1,other_or_unclear,0.0,Thanks for getting in touch. A colleague will review your message and help.,ESCALATE,OUT_OF_SCOPE_OR_UNCLEAR,[],[],[],[]
tesco-477163,trivial_constant_v1,other_or_unclear,0.0,Thanks for getting in touch. A colleague will review your message and help.,ESCALATE,OUT_OF_SCOPE_OR_UNCLEAR,[],[],[],[]
tesco-555580,trivial_constant_v1,other_or_unclear,0.0,Thanks for getting in touch. A colleague will review your message and help.,ESCALATE,OUT_OF_SCOPE_OR_UNCLEAR,[],[],[],[]
tesco-470973,trivial_constant_v1,other_or_unclear,0.0,Thanks for getting in touch. A colleague will review your message and help.,ESCALATE,OUT_OF_SCOPE_OR_UNCLEAR,[],[],[],[]
tesco-2832248,trivial_constant_v1,other_or_unclear,0.0,Thanks for getting in touch. A colleague will review your message and help.,ESCALATE,OUT_OF_SCOPE_OR_UNCLEAR,[],[],[],[]
tesco-2937169,trivial_constant_v1,other_or_unclear,0.0,Thanks for getting in touch. A colleague will review your message and help.,ESCALATE,OUT_OF_SCOPE_OR_UNCLEAR,[],[],[],[]
tesco-464481,trivial_constant_v1,other_or_unclear,0.0,Thanks for getting in touch. A colleague will review your message and help.,ESCALATE,OUT_OF_SCOPE_OR_UNCLEAR,[],[],[],[]
tesco-1950433,trivial_constant_v1,other_or_unclear,0.0,Thanks for getting in touch. A colleague will review your message and help.,ESCALATE,OUT_OF_SCOPE_OR_UNCLEAR,[],[],[],[]
tesco-2893970,trivial_constant_v1,other_or_unclear,0.0,Thanks for getting in touch. A colleague will review your message and help.,ESCALATE,OUT_OF_SCOPE_OR_UNCLEAR,[],[],[],[]
tesco-41745,trivial_constant_v1,other_or_unclear,0.0,Thanks for getting in touch. A colleague will review your message and help.,ESCALATE,OUT_OF_SCOPE_OR_UNCLEAR,[],[],[],[]
tesco-2967145,trivial_constant_v1,other_or_unclear,0.0,Thanks for getting in touch. A colleague will review your message and help.,ESCALATE,OUT_OF_SCOPE_OR_UNCLEAR,[],[],[],[]
