case_id,conversation_id,created_at,message,prior_context,historical_reply,customer_followup,private_handoff_proxy,positive_outcome_proxy,unresolved_outcome_proxy,split,selection_intent
tesco-1307697,1307697,Thu Oct 26 17:45:45 +0000 2017,@Tesco didn’t have the 2 bags of marshmallows I ordered so they gave me EIGHTEEN FLUMPS! I’m equally amused and delighted 😂👏🏻👏🏻,,@customer Glad to hear you were delighted Rachel :) Enjoy!,,False,False,False,train,delivery_or_collection
tesco-2644166,2644166,Mon Oct 30 19:31:37 +0000 2017,@Tesco have Tesco got issues with website the second week my home delivery has had things wrong!!#nothappy,,"@customer Hi <name_redacted>, we're experiencing technical issues with the website, our IT Team are aware of the issues. 1/2 @customer They're working hard to get these issues resolved. Sorry for any inconvenience caused. Ty - James 2/2",@Tesco I am £5 out of pocket as the voucher I added did not get used as your website deleted it!!,False,False,False,train,delivery_or_collection
tesco-2220555,2220555,Fri Nov 10 09:51:25 +0000 2017,@Tesco I pre ordered Need For Speed Payback like 2 months ago and today is the release day but I haven't received any information about the delivery status so am I getting it today or tomorrow,,"@customer Hi <name_redacted>, can you provide DM your order number, full name and email address please? I'll do my best to find out. Thanks",,True,False,False,train,delivery_or_collection
tesco-441521,441529,Sun Nov 05 21:28:43 +0000 2017,@Tesco bicester Lakeview drive.,"[Customer] Why has @Tesco #Bicester stopped selling walkers poppadom sensations multi pack?? Just selling grab bags is not healthy. || [Tesco] @customer Hi <name_redacted>, which flavour are you referring to? Thanks || [Customer] @Tesco multipacks have 2 types a chilli &amp; a lime, 3 packets of each. Only have HUGE packets of individual flavours. Just want a small bag. || [Tesco] @customer Hi <name_redacted>, I'm sorry you couldn't find the item you were looking for. Can you confirm branch this was in order to investigate? TY","@customer Hi <name_redacted>, I am sorry, however we do not sell the ones that you would like. I can certainly feed this back. 1/2 @customer We can record this under your name and address or anonymously. What would you prefer? - Allyn 2/2",@Tesco They did. Am annoyed they stopped yet another product || @Tesco My name is fine,False,False,False,train,delivery_or_collection
tesco-2886646,2886646,Mon Nov 13 19:32:17 +0000 2017,@Tesco completely let down once again by your delivery service and customer service team! No shopping and no apology!!!,,"@customer Hi <name_redacted>, thanks for getting in touch, I'm really sorry to hear that you feel you've been let down by our home shopping service. Please can you DM an elaboration on the issue, the full name, address &amp; email on your account? TY- Hannah.",,True,False,False,train,delivery_or_collection
tesco-690809,690809,Sat Oct 28 15:29:19 +0000 2017,How rubbish are @Tesco you make an order for delivery and less than an hour and half before delivery then we can arrange delivery for Monday,,"@customer Hi there, thank you for getting in touch, I'm sorry to hear of this issue, I'd like to look into this further for you. 1/2 @customer Please can you DM an elaboration on this issue, the full name, address &amp; email address registered to your account? TY- Hannah. 2/2",,True,False,False,train,delivery_or_collection
tesco-1096093,1096083,Tue Oct 24 21:58:19 +0000 2017,"@Tesco Thank you, Alisha.","[Customer] @Tesco I'm sure that's true Joanne, but how much of the plastic is recyclable? || [Tesco] @customer Since 2007 we've reduced packaging by 37% on loose and packaged food. TY - Joanne 2/2 || [Customer] @Tesco Great but not my question. How much of your packaging plastic is recyclable? How much of what your drivers/stores recover is recycled? || [Tesco] @customer Hi <name_redacted>, I will look into this query for you.",@customer Good morning <name_redacted> :) I've sent you a DM,"@Tesco Good morning, <name_redacted>. And I've responded to you in both DM and on my feed. Louise || @Tesco Hi <name_redacted>, Can @Tesco answer my question about how much of its plastic packaging is 1. recyclable and 2. recycled by Tesco please?",True,False,False,train,delivery_or_collection
tesco-1705543,1705543,Mon Nov 06 15:07:16 +0000 2017,Seriously @Tesco ?? I can’t have a refund on these eggs unless I hand them ALL back to the driver? I pay for YOUR breakages now do I? <media_or_link>,,"@customer Hi <name_redacted>, I'm sorry that you have been in receipt of broken eggs on your order. What exactly happened with the refund request? 1/3 @customer Please DM your full name, address, postcode and email address and I'll have it sorted for you. Thanks - Craig 3/3 @customer Did the driver say he could only refund the items if he was able to return them to store? 2/3",,True,False,False,train,delivery_or_collection
tesco-1943042,1943042,Sun Oct 29 12:06:03 +0000 2017,Hi @Tesco when you pay for a scheduled delivery and it doesn't arrive on time #refund?,,"@customer Hi <name_redacted>, thanks for getting in touch, I'm really sorry to learn that your delivery was late, I'd like to look into this. 1/2 @customer Please can you DM the time your order arrived, the full name, address and email address registered to your account? TY- Hannah. 2/2",,True,False,False,train,delivery_or_collection
tesco-956548,956550,Sat Oct 21 19:02:27 +0000 2017,@Tesco @Tesco Responsive 24/7 but only to easy tweets! Not good enough!,"[Customer] Had a home delivery from @Tesco didn't check eggs, left them on the table over night and now table stained, £800 table wrecked! <media_or_link> || [Customer] @Tesco @Tesco We will be taking this further, I can not believe you can not be bothered to reply to this!","@customer Hi <name_redacted>, I'e replied to your DM.",@Tesco Thanks Mart.,True,True,False,train,delivery_or_collection
tesco-2269454,2269454,Sat Nov 11 08:50:02 +0000 2017,"@Tesco Hi, bought TV (Order Number - 4MYBQ3XVW) and it has broken after 6 weeks :( Can I take back to store and change? swap for different one (happy to pay a little extra if needed) ... thanks, Dave",,"@customer Hi <name_redacted>, thanks for getting in touch, I'm sorry you are having a problem with your TV. Can you please DM me with your full name (if different to your profile), postal and email addresses. I also need details of the fault. Thanks",,True,False,False,train,delivery_or_collection
tesco-1834535,1834539,Wed Oct 18 11:19:09 +0000 2017,@Tesco What about the empty freezers? Thanks for investigating I had no choice but get them yesterday as I can't get there now.,"[Tesco] @customer Hi there, can you tell which store this was so that we can look into this for you ? TY || [Customer] @Tesco Tesco Highwoods Colchester || [Tesco] @customer The good news is that they're receiving another delivery today. I hope that this helps - Laura :) 2/2","@customer Hi, was there a particular product from the freezer you were looking for? I can then look into this for you. TY, Andrea","@Tesco No, they're just emptied most nights from 6pm onwards...",False,False,False,train,delivery_or_collection
tesco-2509718,2509719,Wed Nov 15 22:39:41 +0000 2017,@Tesco Difficult to see a number plate when it’s 6 inches from your rear bumper. However it was on the A37 from temple cloud towards Tesco Paulton. Around 18:10 tonight,"[Customer] I would like to thank the Tesco home delivery driver that insisted on driving so close behind me today that he illuminated the inside of my car. Made it really easy to drive home! Paulton Tesco, not impressed 😡 @Tesco || [Tesco] @customer Hi <name_redacted>, I am sorry my colleague was tailgating you and this is very concerning to hear. Can you please tell me if you captured the registration number? Can you also let me know the time and address of where this happened? TY","@customer Hi <name_redacted>, thank you for getting back to us, I have to be honest without a registration number, it would be almost impossible for the store to pinpoint the van. TY",,False,False,False,train,product_quality_or_safety
tesco-1058188,1058189,Mon Oct 23 12:28:13 +0000 2017,"@Tesco I'll get back to you later, thanks for the reply, though!","[Customer] Hmm... @Tesco seem to've replaced the chocolat in their pain au chocolat with some kind of sickly sweet paste. Is this true? || [Tesco] @customer I will need your full name, address and email. Regards - Stacey. 2/2","@customer Thanks, we'll look out for your message",,False,False,False,train,product_quality_or_safety
tesco-773747,773748,Thu Oct 12 01:33:29 +0000 2017,@Delta Sorry wanted to ask @Tesco,[Customer] @Delta why does my pee hurt?,"@customer Hi <name_redacted>, how can I help? TY",@Tesco h,False,False,False,train,product_quality_or_safety
tesco-2433454,2433452,Wed Nov 15 10:35:20 +0000 2017,@Tesco could it be made possible to opt out of having these bags? They are not reusable. Can they be recycled?,"[Customer] @Tesco I asked for no plastic bags but shopping delivered with ur bags for fruit, veg, meat, toiletries... Can we opt out of this please? || [Tesco] @customer Hi there, the only bags you should get if opted out is red bags for meat, to prevent contamination. I'm sorry you've received other bags. Can you please DM your full name, address and email so I can access your account? Thanks || [Customer] @Tesco should we get fruit and veg without plastic bags if we've opted out then? That would be v welcome 😊 || [Tesco] @customer Hi, thank you for getting back to us, if they are loose then they will be put in small plastic produce bags. TY","@customer Hi there, we can certainly query this for you and log your feedback for consideration. Please could you DM your full name, address and email address? These details will help us find the online account.",,True,False,False,train,product_quality_or_safety
tesco-1502145,1502145,Fri Nov 03 15:04:23 +0000 2017,Okay so @Tesco in Collier Row has sold me 1) out of date houmous and 2) onion houmous disguised as normal houmous 💀💀💀 #checkbeforeyoubuy <media_or_link>,,"@customer Hi <name_redacted>, thank you for contacting us. I can understand how upsetting this is. 1/4 @customer For me to pass this to the store, can you DM me some more information? 2/4 @customer Can you let me know your full name, address, amount you paid, store you purchased them from and the barcode. 3/4 @customer Once I have received this I will arrange a Tesco Moneycard to be sent out to you and also get this fed back to the store. TY, Gemma 4/4",,True,False,False,train,product_quality_or_safety
tesco-1722110,1722110,Tue Oct 17 18:32:45 +0000 2017,"@Tesco @customer @customer found this rock/piece of glass in my Tesco cucumber and chipped my tooth, never shopping with you again <media_or_link>",,"@customer Hi <name_redacted>, I'm so sorry you found a stone in your cucumber. We'd like to investigate this further. 1/5 @customer Can you take the product, receipt and packaging to any Metro, Extra or Superstore please? 2/5 @customer You can then complete the relevant forms so this can be thoroughly investigated and be contacted within 14 working days. 3/5 @customer You'll also be given a refund or an exchange once there so that you're not left out of pocket for this. 4/5 @customer Can you also DM us your full name and address so that we can ensure colleagues in store link this to your details. TY - Paige 5/5","@Tesco Dammit I binned the receipt, could have really done with that refunded 50p towards my new tooth",True,False,False,train,product_quality_or_safety
tesco-2549952,2549960,Mon Oct 30 13:27:49 +0000 2017,@customer @Tesco This continual lack of action by the council when it comes to businesses is a major scandal - your response makes it worse! @customer,"[Customer] Two lorries today!! @Tesco why do you continually park illegally outside the store in Harringay? And why do you allow it @customer? <media_or_link> || [Customer] @customer @Tesco you can report illegally parked vehicles here <media_or_link> or call <number_redacted> for faster response. Thx || [Customer] @customer @Tesco Sorry, why should I have to report it? It goes on all the time. Why don’t your inspectors take any action, ever? || [Customer] @customer @Tesco They don’t wait for someone to “report” cars parked illegally - they ticket them and then tow them away an hour or so later!","@customer Hi there, I'm sorry about the inconvenience. The store is allowed to accept deliveries between 7:00 and 9:00. 1/4 @customer In cases of inconsiderate parking we use an independent organisation to monitor this. 2/4 @customer Our customers can contact How's My Driving if they have a complaint about one of our vehicles.3/4 @customer The contact number is <number_redacted> it's open 24/7. You can also email them on __email__. Thanks Ian 4/4",@Tesco Says who? <media_or_link>,False,False,False,train,product_quality_or_safety
tesco-1843369,1843369,Wed Oct 18 07:55:25 +0000 2017,"When life gives you lemons, you better hope they're not as mouldy as @Tesco's. Even @customer couldn't make lemonade from these bad boys. <media_or_link>",,"@customer Hi <name_redacted>, I'm sorry the lemon you have bought from us is mouldy, could you please DM me some details so I can get this logged? 1/2 @customer Full name, address, barcode, price, date code and the store. TY - Rian 2/2",,True,False,False,train,product_quality_or_safety
tesco-1955170,1955170,Mon Oct 30 12:29:21 +0000 2017,Is this some sort of joke @Tesco just brought these before I got the train and there is none in here!! Just wasted £5 and still sick 😡🤢 <media_or_link>,,"@customer Hi <name_redacted>, I'm very sorry to learn that there was no tablets in the package. Could you please let me know where you bought it? 1/4 @customer I will contact the store and let them know. Could you please DM us your full name, address, email, time of visit, product barcode? 2/4 @customer I will log your feedback on our internal system for review and arrange a refund. 3/4 @customer Please let us know preference of receiving a Moneycard, via post or via e-mail. TY - Eve 4/4",,True,False,False,train,product_quality_or_safety
tesco-2456482,2456482,Tue Nov 14 23:20:29 +0000 2017,@Tesco been to tesco to day and got some yahoo milkshakes to get them home give my 3 year old child one and my wife . to found out they are dated the 23/09/2017 2 months out of date .,,"@customer Hello <name_redacted>, I am sorry the milkshakes you purchased were out of date and I can appreciate this must be very concerning. Can you please send a pic of the barcode and date? Can you also send a picture of your full receipt? 1/2 @customer Can you please DM your full name, address and email? I can issue a Moneycard refund and let the store know. Would you prefer to receive this by email or post? TY - Chris 2/2",,True,False,False,train,product_quality_or_safety
tesco-1577481,1577484,Sat Nov 04 17:21:05 +0000 2017,"@Tesco Done :) it's the big tesco in Slough by train station. Indoor is nice, staff always lovely/hard at work but never feels v. Safe outside","[Customer] The @Tesco at #Slough feels more run down every visit. Xings are dangerous, drunks yelling, cars parked illegally, escalators dead... <media_or_link> || [Tesco] @customer Hi <name_redacted>, I'm really sorry to see this. Could you DM me your name, address and when you were in the store so I can log this? TY","@customer Hi <name_redacted>, I have now logged your feedback internally. I have also fed this back to store management. 1/2 @customer Please rest assured that this will be dealt with appropriately and accordingly. Thanks - Mark 2/2",,False,False,False,train,product_quality_or_safety
tesco-1418633,1418636,Wed Nov 01 21:26:30 +0000 2017,@Tesco So the store are going to contact me with an explanation and compensation?,"[Customer] @Tesco sister brought Scottish plain loaf in your Camelon Store got it to London and this ... mouldy yuc 😡 <media_or_link> || [Customer] @Tesco Your response is poor A £1 gcard I'll prob forget abt Selling mouldy loaf is bad. Not completed due dil in checkin dates is criminal || [Tesco] @customer Hi <name_redacted>, I'm sorry you're unhappy with our response. The £1 is a refund for the product, the store's looking into how it happened. TY","@customer Not unless requested Andy, if you'd like a store colleague to call please DM us your preferred number &amp; a suitable time to call. TY",@Tesco I just think it's rest negligent that you have mouldy bread beyond its sell by date on your shelves. An email response will suffice,True,False,False,train,product_quality_or_safety
tesco-2026356,2026356,Mon Nov 06 16:49:45 +0000 2017,@Tesco why oh why have you stopped stocking Franks hot sauce. #gutted. 😪😳,,"@customer Hi there, sorry that we not longer stock this product, I personally love frank's hot sauce too so I understand your disappointment 1/2 @customer We still sell this variety however <media_or_link> have you tried it yet? Regards - Peter 2/2","@Tesco Yeah, tried it last night. Too buttery, not hot enough. #bringbackfranks",False,False,False,train,product_availability
tesco-923844,923844,Sat Oct 21 09:52:46 +0000 2017,@Tesco hi will this top be available F&amp;F Floral Mesh Lace High Neck Top Catalogue Number:227-1986 online again soon,,"@customer Hi <name_redacted>, I'll check this for you. What size and colour were you looking for? Thanks, Dee.",@Tesco Size 8 or 19 please thanks,False,True,False,train,product_availability
tesco-1289079,1289081,Thu Oct 26 19:22:01 +0000 2017,@Tesco @customer If you could clarify whether the range has been finished I'd be most grateful please. 1 of only 3 foods my son will eat,[Customer] @Tesco what’s happened to Heinz spaghetti and sausage? Not been able to buy it for weeks! #spaghettishortage || [Tesco] @customer Hi <name_redacted>. I'm currently trying to find out why this product doesn't seem to be available. Please bare with me while I do this. TY. Alisha,"@customer Hi <name_redacted>, unfortunately we no longer sell this item due to supplier issues. Thanks",,False,False,False,train,product_availability
tesco-789395,789395,Thu Oct 12 09:48:51 +0000 2017,Why are Chinese Pancakes not more widely available?! Nobody stocks them! @Tesco @customer @sainsburys,,"@customer Hi <name_redacted>, I'm really sorry but this isn't something that we stock at the moment. If you like I can certainly log this for you. 1/2 @customer If you'd like me to do this, please DM with your full name, address and postcode? Thanks, Jessica 2/2",,True,False,False,train,product_availability
tesco-742804,742813,Wed Oct 11 17:14:00 +0000 2017,@Tesco And when my scales break from all those extra lb's who do I blame?? 🤔,[Customer] @Tesco not as delicious as the naughty mini rhubarb crumbles you sell Alisha... || [Tesco] @customer Try melting the marshmallows on top of the crumble and top it with our Creme Fraiche. It makes a truly delicious combination. :) || [Customer] @Tesco Oh my Alisha! You are not helping here! 🤣 maybe at the weekend but have to get through the rest of a tough week at work before then! || [Tesco] @customer Let us know if you try it. We'd love to know what you think of the winning combo.,@customer Blame the scales! They'll never know how delicious food is. All they do is judge. #StopTheScales.,@Tesco #NaughtyTesco,False,False,False,train,product_availability
tesco-1621373,1621373,Sun Nov 05 15:42:28 +0000 2017,They’ve stopped stocking gnocchi at my local @Tesco in tooting and I for one am livid 😡,,"@customer Hi <name_redacted>, I am so sorry to learn about this issue. If possible would you be able to DM me with some details so I can get this logged? 1/3 @customer Can you send your name, address, postcode and email address please? 2/3 @customer Once I have these details I will be more than happy to get this logged and looked into for you. Thanks - Callum 3/3",,True,False,False,train,product_availability
tesco-2590153,2590153,Mon Oct 30 18:13:46 +0000 2017,@Tesco do you sell almond milk,,"@customer Hey there, we do indeed sell almond milk, if you DM me your postcode I will check the availability in store for you.",,True,False,False,train,product_availability
tesco-1735893,1735893,Tue Oct 17 19:07:32 +0000 2017,@Tesco why have you stopped selling Powerade?!,,"@customer Hi <name_redacted>, thanks for getting in touch this evening. We still stock the Powerade Berry/Tropical Fruit flavour. 1/2 @customer Can you let me know which store you were looking for this in? #Regards - Phil. 2/2",,False,False,False,train,product_availability
tesco-2363555,2363555,Mon Nov 13 18:58:32 +0000 2017,@Tesco why are you still selling eggs from caged hens?,,"@customer Hi there, I can understand your concern. We're committed to moving to 100% cage-free eggs and are working with our suppliers to make this happen. Thanks",@Tesco I'm super happy that you feel it's the right thing to do to go cage free but to get it done by 2025? If you were genuinly focused about it surely this could be cut significantly? You could lose a lot of custom through boycotts as people start to become more aware.,False,False,False,train,product_availability
tesco-1946994,1946994,Mon Oct 30 09:36:14 +0000 2017,What it do @Tesco !! you still selling big pumpkins or what or not or what?,,"@customer Hi <name_redacted>, could you please tell me which store you would be visiting and I can check if they have them in stock? Thanks, Calum",@Tesco Possibly yiewsley or Hayes fam,False,False,False,train,product_availability
tesco-1125602,1125602,Sun Oct 15 11:43:40 +0000 2017,@Tesco @Tesco please help Tesco’s years ago used to sell 10 pack of jam donuts I’m I wrong ?(old picture of the pack would be great to 😄👍),,"@customer Hey, are you able to tell me a bit more about these doughnuts like were they from the bakery or pre-packaged etc? 1/2 @customer Also are you able to tell me why you’re asking and I can look into this further for you. Thanks Megan",@Tesco They were in a bag like your 5 pack ones. And I was only asking because I thought you did but my gf don’t remember them 😂 || @Tesco Oh Ye and bakery yes,False,False,False,train,product_availability
tesco-2220482,2220482,Fri Nov 10 13:00:58 +0000 2017,"Super soup. Using up gammon stock, an onion, a potato, some chunks of ham from the bargain fridge at Tesco. Half a bag of petit pois. Blitz. All the bread and butter. 🤤 <media_or_link>",,@customer Nicely done Vee 🙌 A very warming and hearty soup...perfect for these colder afternoons ☺️ Any other recipes in mind to try over the winter months?,,False,False,False,train,product_availability
tesco-2112700,2112700,Wed Nov 08 14:59:08 +0000 2017,@Tesco Cannot see my clubcard details online - getting error message. Is there a system fault or just me???,,"@customer Hi there, there was a problem with the website for a while but it is up and running now. Thanks - Gemma :)",,False,False,False,train,pricing_promotion_or_clubcard
tesco-1467602,1467602,Thu Nov 02 19:25:39 +0000 2017,@Tesco Why do my parents get 9 extra vouchers with their Clubcard statement but we never do?,,"@customer Hi <name_redacted>, can you let us know what type of vouchers these are please? We can look into this for you. Thanks","@Tesco Hi <name_redacted>. Extra points for buying certain products. We did used to have them but haven't for a long time. I thought they'd stopped but my parents still have them. Thanks, Laura.",False,True,True,train,pricing_promotion_or_clubcard
tesco-1211879,1211881,Wed Oct 25 12:19:34 +0000 2017,@Tesco Still doesn’t give me anything to eat for lunch though does it. Can provide more photos if needed !!,[Customer] Thanks crappy @Tesco for my beyond dead salad may as well thrown away the £2.10 #disgusting #foodpoising <media_or_link> || [Tesco] @customer Are you happy for us to attach your details to the report we send to our supplier? - Allyn 4/4,"@customer Hi, if you're able to DM us the information requested above we can send out a Tesco Moneycard via post or email. 1/2 @customer If you're unhappy with the quality and would like a replacement however, please return to store with the receipt. TY - Paige 2/2 <media_or_link>",@Tesco Of course I’m unhappy with it! It’s disgusting The salad is dead. I’m stuck in work and unable to go to the local Tesco,True,False,False,train,pricing_promotion_or_clubcard
tesco-2390741,2390742,Tue Nov 14 10:22:14 +0000 2017,@Tesco Okie dokie chaars,[Customer] @Tesco How comes the sim free version is way cheaper then the locked on? dont make sense <media_or_link> || [Tesco] @customer Hi <name_redacted>. I'm just querying this with my Support Team as I'm not sure why there is such a big price difference. Please bear with me just now and I'll get back to you soon. Ty,@customer Hi <name_redacted>. I've received a reply from my Support Team in regards to the price difference on the Samsung Note 8. I can confirm that SIM free mobile phones will be listed as a lower price. This is in line with other mobile phone retailers. 1/2 @customer Our Tesco Mobile listings are slightly higher due to the mobile phone being locked to our network and a Tesco mobile SIM card being provided. I do hope this information helps. Ty - Karen 2/2,"@Tesco Very strange how an unlocked phone is £100 cheaper then a locked version, but thanks for checking",False,True,False,train,pricing_promotion_or_clubcard
tesco-1200621,1174142,Wed Oct 25 14:25:25 +0000 2017,@Tesco It’s the mango 150g the collective yoghurt,"[Customer] How have @Tesco increased the price of collective yoghurt from 80p to £1.05?!?! || [Tesco] @customer Hi <name_redacted>, can you please send me a link to the product you're referring to? Thanks","@customer Hi <name_redacted>, I'm sorry you're not happy about the price increase of the collective mango yogurts 1/4 @customer We work closely with our suppliers and continuously review our packaging, ingredients, processing and other factors that make up an item 2/4 @customer We will always strive to give our customers the best possible value and pass on price reductions where possible. 3/4 @customer I would like to log your feedback however, could you DM me your full name and email address please? TY - Peter 4/4",,True,False,False,train,pricing_promotion_or_clubcard
tesco-1018360,1018360,Sat Oct 14 12:16:19 +0000 2017,Erm @Tesco I’m all for avocados but charging twice (£4) for an extra large one seems a bit unnecessary 😐 <media_or_link>,,"@customer Hi <name_redacted>, I'm really sorry to hear your avocado was scanned through twice! I'd like to make an internal log of this 1/2 @customer Could you please DM me your name, email, address and postcode? Can you also send the bottom most row of digits from the receipt - Nick 2/2",,True,False,False,train,pricing_promotion_or_clubcard
tesco-342902,342908,Tue Oct 17 13:27:59 +0000 2017,"@Tesco Hey, it was just the normal sma first milk x","[Customer] A pointless trip to @Tesco , no Sma baby milk! 👊🏻😡😩 || [Customer] @customer @Tesco Oh dear, you’ve not run out have you? Xx || [Customer] @customer @Tesco I went to Morrisons! How can a big supermarket run out of milk! 😳 || [Tesco] @customer Hi <name_redacted>, What kind of SMA baby milk was it? regards","@customer Hi <name_redacted>, thank you for getting back to us. There are different sizes and ages within the range. 1/2 @customer Can you please point out which one you're referring to: <media_or_link> ? Thanks - Luciano 2/2",@Tesco This one x <media_or_link>,False,False,False,train,pricing_promotion_or_clubcard
tesco-1381588,1381588,Fri Oct 27 22:43:59 +0000 2017,@customer FUMING!bought a whole £5 cookie dough tub from @Tesco just to find only 2 bits of cookie dough in it. 2 BITS?? Never again.,,"@customer Worst Friday ever! So sorry, Aimee. Please DM your name, address, barcode, date code and a picture of your receipt. 1/2 @customer Once I have the info above I can report this, are you OK with your details being forwarded to our supplier with the report? TY- Leighton 2/2",,True,False,False,train,pricing_promotion_or_clubcard
tesco-1629912,1629912,Sun Nov 05 14:52:27 +0000 2017,To me this feels like @Tesco are trying to trick customers - @customer 1L bottle where the 70cl bottle should be with the offer below... <media_or_link>,,"@customer Which store did you visit? I'll give them a call to let them know &amp; to get this sorted. Thanks - Laura 2/2 @customer Hi <name_redacted>, it looks like the shelf edge label is in the incorrect place. Did you let any of my colleagues know? 1/2",,False,False,False,train,pricing_promotion_or_clubcard
tesco-1881658,1881658,Sat Oct 21 16:56:49 +0000 2017,"@Tesco Not too impressed your own brand chocolate bars have gone up in price from 30p to 45p, use frequently in recipes, will go to Aldi now",,"@customer Sorry about that! Can you DM me your full name, address &amp; a clear photo of the barcode? I'll log your feedback. #TY",,True,False,False,train,pricing_promotion_or_clubcard
tesco-1655669,1655669,Tue Oct 17 13:57:43 +0000 2017,Star Wars Christmas jumper @Tesco £23 though!! #starwars <media_or_link>,,"@customer Hi <name_redacted>, looks quite nice In my opinion. I think you should pick this up and join the dark side! Thanks",,False,False,False,train,pricing_promotion_or_clubcard
tesco-1584751,1584751,Sat Nov 04 18:22:50 +0000 2017,£1 for a cauliflower ... Really @Tesco ? <media_or_link>,,"@customer Hi <name_redacted>, I'm sorry to see this. Can you tell us whether you purchased this in store or was it delivered with your groceries? TY. Mike",@Tesco It was purchased in store,False,False,False,train,pricing_promotion_or_clubcard
tesco-2120312,2120313,Wed Nov 08 15:19:08 +0000 2017,@Tesco Thank you. The avocado was loose. I have the receipt.,"[Customer] @Tesco Lunch ruined by 'Ready To Eat' avocado being rock hard and under-ripe. ☹️ || [Tesco] @customer Oh no Gemma, I'm sorry for the let down. Do you still have the packaging? I can take some details to feed this back and refund you","@customer No worries Gemma, can you DM a pic of the full receipt showing the price and numbers across the bottom? 1/2 @customer Can you also DM your title, full name and address details? I'll report the quality issue and send you a Tesco Moneycard. Thanks, Leah. 2/2 <media_or_link>",,True,False,False,train,refund_return_or_exchange
tesco-1132269,1132273,Tue Oct 24 12:43:00 +0000 2017,"@Tesco But do different areas of the country have different fulfillment centres? I'm in Kent. But if I was in Dundee, for example..?","[Customer] @tesco I need some info on Tesco Direct. Do all items come from Fenny Lock or do you have other fulfillment centres? || [Customer] @Tesco Also, do returned items go to Fenny Lock or somewhere else? || [Tesco] @customer Not all of our items come from Fenny. If you can let us know the items your looking at I'll check for you?","@customer Hi, our fulfillment centres are all based down the South of England. 1/2 @customer Unfortunately we wouldn't be able to provide much information around this as this is corporate sensitive information. Thanks",,False,False,False,train,refund_return_or_exchange
tesco-61153,61149,Sun Nov 05 11:09:43 +0000 2017,@Tesco Hi i cant find the receipt any longer. I literally had it for less than 7 days as i washed it on day of purchase,[Customer] @Tesco bought this. Washed it after buying unused and its gone rusty! Didnt non stick!! Please explain <media_or_link> || [Tesco] @customer Can you please let me know if you would rather a refund through the post or to your email? TY - Mark 4/4,"@customer Hi <name_redacted>, Do you have the other details my colleague asked for? We'll be able to put this through without the receipt. Thanks",,False,False,False,train,refund_return_or_exchange
tesco-1960870,1960871,Mon Oct 30 23:48:38 +0000 2017,@Tesco Yes of course that's ok,"[Customer] Erm this isn't a good sign @Tesco we are actually vomming over this!!!!! 🤢🤢not happy #Halloween #pumpkindeath <media_or_link> || [Tesco] @customer Would you like your refund by post or email, okay with me passing your details to our supplier as they may wish to contact you Ty, Andy 3/3","@customer Hi <name_redacted>, I'll look forward to your DM with the requested details.",,True,False,False,train,refund_return_or_exchange
tesco-1722098,1722098,Tue Oct 17 18:14:55 +0000 2017,"@Tesco Poor show with Helpline today,nothing but rude &amp; didn't want to listen,1man said return faulty item (laptop) other said send it to HP",,"@customer Hi <name_redacted>, thanks for getting in touch and I'm sorry you're having problems with your HP laptop. 1/3 @customer So that I can look into this for you, can you please DM me with your full name (if different to your profile) 2/3 @customer Postal address, telephone number and email address. Thanks - Gavin 3/3",@Tesco disappointed a substitution was made on my shopping when the item was available when my husband went instore later this morning 1/2 || @Tesco he also saw the item the day before so I know it was instore &amp; available &amp; he didn't get it then as knew it was on my shopping 😯,True,False,False,train,refund_return_or_exchange
tesco-63302,63303,Wed Nov 01 21:53:10 +0000 2017,"@Tesco I do have all those things. However, my bank have cancelled my card and sent me a new one. Is that going to be a problem?",[Customer] @Tesco hi. Could you let me know your policy on returns of non faulty items? I want to return the PlayStation and games I bought last Sat. || [Tesco] @customer You have up to 30 days to change your mind on the item and return it. Hope this helps. Thanks Stuart 2/2,"@customer Hi <name_redacted>, that shouldn't be a problem it will still be the same account. Thanks",,False,False,False,train,refund_return_or_exchange
tesco-691330,691330,Sat Oct 21 19:46:05 +0000 2017,@Tesco not sure how caterpillar should look like this 🤔😣how do we get a refund <media_or_link>,,"@customer Hi there, please can you DM your name, address &amp; email linked with the account?",@Tesco Have sent details thanks guys 😊👌,True,True,False,train,refund_return_or_exchange
tesco-1278231,1265884,Thu Oct 26 12:48:01 +0000 2017,@Tesco Well the 'foreign body' is down the sink now and the receipt long gone so I guess a refund isn't happening 😒,"[Customer] @Tesco I just found a hair in my Leek and Potato soup and I definitely don't have short dark hair 😷😠 <media_or_link> || [Tesco] @customer Please can you also provide us with your name, address &amp; email? So we have a log of this on our system. - Rocsi 4/4 <media_or_link>","@customer Hi <name_redacted>, if you can send a photo of front/back of packaging of product I can look into at least refunding you for this happening. 1/3 @customer Can you please DM with your full name, address &amp; email? I can then log this &amp; refund you. I can refund by post or email. TY - Rhuari 3/3 @customer I will only be able to refund you without a receipt if it was Tesco branded soup. Can you confirm price &amp; store where you bought this? 2/3","@Tesco No it was Heinz soup, but thank you anyway, I'll try tweeting them",True,True,False,train,refund_return_or_exchange
tesco-1747010,1747010,Tue Nov 07 08:06:21 +0000 2017,"@Tesco bought school shoes mid Sept online and all stitching has split,how do I get a refund please?",,"@customer Hi, I am sorry that the stitching on the shoes has split and we would expect them to last longer than this! 1/2 @customer Can you DM us the name and address on your account along with the order number so we can look into this please. TY- Dave 2/2",,True,False,False,train,refund_return_or_exchange
tesco-2138019,2138019,Wed Nov 08 18:32:12 +0000 2017,@Tesco brought this today awful product doesn’t even sit in its stand not happy this being returned tomorrow .. #moneyback <media_or_link>,,"@customer Hi <name_redacted>, I'm sorry to hear you're not happy with this. Can you return this to store with the packaging and your receipt? 1/2 @customer We'll be able to refund or exchange this for you. Thanks - Josh 2/2",,False,False,False,train,refund_return_or_exchange
tesco-1527805,1491941,Fri Nov 03 21:22:36 +0000 2017,@Tesco How would I find some of those details?,"[Customer] I'm really upset because I just went to have some orange juice with bits in and NO JUICY BITS TO BE SEEN ☹️ thanks @Tesco || [Tesco] @customer Are you ok with me passing your details on to our suppliers? Also would you prefer to be refunded via email or via post? Thanks, Calum 4/4",@customer Hi <name_redacted>. The barcode is on the side of the carton. The Supplier code's a 4-6 digit number located next to Tescos address (e.g. SC1234) 1/2 @customer The date code should be on the lid or the neck of the carton. :) - Alisha 2/2,,False,False,False,train,refund_return_or_exchange
tesco-1627334,1627334,Sun Nov 05 13:21:53 +0000 2017,@tesco how do I get a refund on this chicken which has human hair in it? <media_or_link>,,"@customer Hi there, if you return this to either a Extra, Metro or Superstore for this to be investigated further. 1/2 @customer Can you DM us your full name, address, postcode, barcode, SC code, batch code, the price and store bought from so we can log this? - Jay 2/2",,True,False,False,train,refund_return_or_exchange
tesco-2236750,2236752,Fri Nov 10 14:10:25 +0000 2017,"@Tesco Done, thanks 😊","[Customer] @Tesco Everytime I try &amp; log into the clubcard app it doesn’t recognise my number. Its been constantly doing it since I got the contactless clubcard 🤔 || [Tesco] @customer Hi <name_redacted>, I'm sorry that you're having problems accessing your account. Can you please send us a DM with your full name, address and Clubcard number so we can look into this? Thanks, Jessica.","@customer How strange, all your details match. Have you tried deleting and reinstalling the app? Thanks",@Tesco Yeah I have and I’ve reset my password just incase it was that somehow messing it up. Weird! 🤷🏻‍♂️,False,False,False,train,online_account_or_checkout
tesco-1655179,1655179,Sun Nov 05 19:28:36 +0000 2017,@Tesco can you guys do a stick check for me the website tells me there is no Tesco’s around me 😬,,"@customer Hi <name_redacted>, sure! Can you please DM your postcode and the item? We'll happily check this for you :) Thanks",,True,False,False,train,online_account_or_checkout
tesco-1323794,1323794,Sun Oct 15 12:07:46 +0000 2017,"The award for most inaccurate site listings, worst search and worst spellings on a grocery website definitely goes to @Tesco - atrocious!",,"@customer Hi <name_redacted>, please can you let me know the links to the pages for the spelling &amp; also what inaccuracies for site listings. :)","I'll shout them as I see them, @Tesco , but shouldn't it really be your job? 😉 First up: remove the brand Quron from frozen meat free!",False,False,False,train,online_account_or_checkout
tesco-2987659,2987659,Tue Oct 31 18:28:19 +0000 2017,@Tesco the search function on the mobile version of your website isn't working - when will it be fixed? Makes for a difficult shopping exp.,,"@customer Hi <name_redacted>, are you referring the Grocery App. I've just searched using it and it works. What issues are you having?",,False,False,False,train,online_account_or_checkout
tesco-1918594,1918594,Thu Oct 26 11:21:06 +0000 2017,@Tesco App. “Scan voucher at till” it says. “Cannot scan voucher” every self-service till says. How am I supposed to redeem these vouchers? <media_or_link>,,"@customer Hi <name_redacted>, I'm sorry this isn't working. Can you let me know what phone you were using and was the brightness on its highest setting? 1/2 @customer If you can also DM me your name, address and Clubcard number, I will be able to check the voucher. Thanks - Gemma. 2/2 <media_or_link>",,True,False,False,train,online_account_or_checkout
tesco-2205656,2205656,Thu Nov 09 21:48:53 +0000 2017,@Tesco any chance of an update about your grocery website being down??,,@customer Hello <name_redacted>. I am very sorry however we are currently experiencing some issues with our website. We are looking to have these fixed as quickly as possible. TY,,False,False,False,train,online_account_or_checkout
tesco-1876849,1876849,Sun Oct 22 09:18:17 +0000 2017,"@Tesco 3/6 self-checkouts out of service at Chineham, Basingstoke <media_or_link>",,"@customer I'm sorry for the inconvenience caused Donald, please be assured it is within our interest to get these fixed as soon as possible. 1/2 @customer The faults would've been reported to our IT Team and they'll do what they can to have them up and running again. Thanks, Leah. 2/2",,False,False,False,train,online_account_or_checkout
tesco-1932154,1932155,Sat Oct 28 18:07:42 +0000 2017,"@Tesco Sadly not, I just noticed as I got back home. It’s now as useless as those scratch cards I bought!","[Customer] @Tesco your potters bar branch just gave me an old pound coin... <media_or_link> || [Tesco] @customer Hi <name_redacted>, I'm really sorry about this. I appreciate it must be annoying. Did you notice in store and ask them to change it? TY","@customer Oh no, sorry Zac! I was hoping you'd be lucky! I'd advise you to ask at the Customer Service Desk to swap it next time you're in. TY",,False,False,False,train,online_account_or_checkout
tesco-930911,930913,Sun Oct 22 14:24:49 +0000 2017,@Tesco And today it's still not fixed. Absolutely disgusting.,"[Customer] @Tesco Your ""Worcester 2"" branch stinks like a blocked drain. Vile stench. Going elsewhere. || [Tesco] @customer Hi <name_redacted>, I can confirm that management in store are aware of this issue and it has been reported as appropriate. Many thanks","@customer Hi <name_redacted>, it's been reported. They're waiting for this to be fixed &amp; addressed",@Tesco *Still* this hasn't been resolved. Can't the mighty Tesco help their store team it and put some weight behind it?,False,True,True,train,online_account_or_checkout
tesco-1296341,1296341,Thu Oct 26 15:22:46 +0000 2017,"@Tesco Hi, is there a glitch on your site at the moment as can't appear to pay for my groceries with either card? ;(",,"@customer Hi <name_redacted>, I'm sorry you were having difficulties paying for your order this afternoon 1/3 @customer I appreciate this must have been frustrating. Can you please let me know whether you managed to checkout after? 2/3 @customer If you're still experiencing problems can you please try clearing the cache &amp; cookies on your device? Thank you - Aneurin 3/3","@Tesco Hi, thank you very much for your advice, pleased to say this has been successful :)",False,True,False,train,online_account_or_checkout
tesco-1584769,1584771,Sun Nov 05 12:10:17 +0000 2017,@Tesco I’ve just done that for you. Thanks so much for your help.,"[Customer] @Tesco I also have my receipt which can give you some more info perhaps too. || [Tesco] @customer Yes please, can I have a picture of your full receipt and the back of that voucher? Also you used the specific diesel yes? :) - Mart <media_or_link> || [Customer] @Tesco As far as I know yes and like I said before, it was taken last time I went and filled up. But regardless, she was still rude and abrupt. <media_or_link> || [Tesco] @customer I will arrange to get the points added manually on your account for you. Hope to hear from you soon. Kind regards - Lara. 4/4 <media_or_link>",@customer Hi <name_redacted>. I've replied to your DM. Thanks,,True,False,False,train,online_account_or_checkout
tesco-980979,980979,Fri Oct 13 18:32:25 +0000 2017,"New Clubcard is butt, the self service checkouts won't read the little QR code very easily. Last five trips to Tesco: its only worked once",,"@customer Hi there, are you using the vertical scanners when you are at the self service? Kind regards",@Tesco Yup the scanner for my the groceries,False,False,False,train,online_account_or_checkout
tesco-2031073,2031073,Tue Nov 07 09:31:04 +0000 2017,@Tesco pisstake. Brought a sit me up ring in the 3 for 2. returned it asked for store a credit to replace it and got £1!!! Annoyed!!!!!,,"@customer Hi <name_redacted>, I am sorry for any disappointment this has caused. please could you advise why the exchange was needed and what they advised?",@Tesco Sent a direct message :),False,False,False,train,store_or_staff_experience
tesco-1269621,1269621,Thu Oct 26 09:59:47 +0000 2017,@tesco There are still 3 trolleys abandoned in netherwood road London w14,,"@customer Hi <name_redacted>, I've reported this to our abandoned trolley team. Thank you for reporting this. These'll be collected in the next 48 hours. Ian",@Tesco Thnx. Your recommended app Trolleywise no longer works on IOS,False,False,False,train,store_or_staff_experience
tesco-2508637,2508638,Wed Nov 15 22:09:27 +0000 2017,"@Tesco Norwich Magdalen Road Express. I'm so fed up with having the same plain cheesecakes, salted caramel and frangipane available. Raspberry and Prosecco cheesecake doesn't count when its 85% vanilla.","[Customer] @Tesco Local store always sells out of tesco finest chocolate desserts, the non-chocolate &amp; caramel stuff is always over stocked. 4 out of 5 trips end in failure it's so frustrating. Took this in August, could've taken it this week. <media_or_link> || [Tesco] @customer Hi <name_redacted>, I'd like to look into this further for you. Please can you tell us the exact store you visited? We can then have this looked into with the Management Team. Thanks","@customer Hi <name_redacted>. I'm sorry, but it seems that our Finest chocolate deserts are no longer stocked in this store. However if you DM me your full name and email address I can log your interest in this product coming back. Thank you.","@Tesco Crazy those were the only ones that seemed to move of shelves. Lol that was pretty much my only reason for going there! The fruit &amp;veg is lousy, there's no cherry coke, wenslydale or chocolate cornflake cake tubs.",True,False,False,train,store_or_staff_experience
tesco-924922,924927,Sat Oct 14 10:04:03 +0000 2017,@Tesco My name is Sarah Giles. Have sent my address via DM. Sadly my daughter's don't like star wars!,"[Customer] Hey @Tesco it's 2017, NOT A SINGLE FEMALE CHARATER?? Wonder woman? Gamora? Nebula? Scarlet witch? Black widow? WTF!!! <media_or_link> || [Tesco] @customer Hi <name_redacted>, sorry to hear this. Can you confirm which store this is please? Ty, Andy || [Customer] @Tesco Hednesford. Do any stores stock the female characters or have they just been ignored as usual? || [Tesco] @customer I look forward to your response. Thanks - Chris 2/2 <media_or_link>",@customer Thanks again Sarah for the feedback. -Marian,,False,False,False,train,store_or_staff_experience
tesco-850216,850233,Thu Oct 19 21:56:32 +0000 2017,@Tesco Get him earning his dinner. Good plan! Does tesco sell headlamps do you know?,"[Customer] @Tesco Anyway, I thought children were to bring us toilet rolls when we’ve ran out and fetch snacks?! || [Tesco] @customer Best not Charlotte, he might not like it. Chris || [Customer] @Tesco Spoil sports! || [Tesco] @customer Hey <name_redacted>, I disagree with Chris, get the young lad a head lamp and get him in the recycling bin for this packaging! TY","@customer Hi <name_redacted>, our Partners may sell them via our Tesco Direct website. :-) Chris","@Tesco Hi again, I’ve got the other plasters from the pack if that helps. They’ve got a ‘lot number’ on them.",False,False,True,train,store_or_staff_experience
tesco-2487618,2487618,Wed Nov 15 16:25:49 +0000 2017,@Tesco just bought this PlayStation from one of your stores and there is nothing inside the box apart from wires. Any help? <media_or_link>,,@customer How strange! You will need to return the box to the store with your receipt for a full investigation to take place. TY,,False,False,False,train,store_or_staff_experience
tesco-767201,767199,Sun Oct 29 10:32:48 +0000 2017,@Tesco Either Tesco in Newcastle County Down or the Tesco in Newry,"[Customer] @Tesco Can I buy the new COD WWII in store at midnight on the day of release? Are any stores opening for a midnight release? || [Tesco] @customer Hi <name_redacted>, thanks for getting in contact with us. Could you let us know which store you're looking to buy from? 1/2","@customer We can't check for you here Deane, our colleagues @customer are able to do so though. Send them a tweet. Thanks, Leah.",@Tesco @customer Even though both stores are in Northern Ireland?,False,False,False,train,store_or_staff_experience
tesco-1088904,1088911,Tue Nov 07 21:12:16 +0000 2017,"@Tesco thanks for the reply, I just sent another question regarding the issue with available balance I forgot to ask","[Customer] @Tesco Used* || [Tesco] @customer Hi <name_redacted>, I'm glad there wasn't too much of a delay for you. Could you DM your full name, address &amp; postcode so we can log this? TY || [Customer] @Tesco to be honest i wasn't personally effected, its just I felt sorry for the people with over 30 trolleys full waiting in the one queue || [Tesco] @customer Hi <name_redacted>, Thanks for getting in contact regarding this issue. If there is anything else I can help you with please get back to us. TY-Lee","@customer Hi <name_redacted>, one of my colleagues will reply to your message. TY",@Tesco Apologies that last tweet was for tesco bank help,False,False,False,train,store_or_staff_experience
tesco-1063252,1063250,Mon Oct 23 15:26:26 +0000 2017,@Tesco It’s this one... <media_or_link>,"[Customer] @Tesco Why is this often the case in your Acton store? It’s bloody ridiculous! #SainsburysWeGo <media_or_link> || [Tesco] @customer Hi <name_redacted>, can I ask which Acton store this is? Thanks- Beth || [Customer] @Tesco Acton Heights, it happens all of the time. As well as the fact that the additional 6 self service tills which were added are always off too! || [Tesco] @customer Hi <name_redacted>, can you confirm that this is the Express store on Umbridge Rd? TY","@customer Hi <name_redacted>, I'm sorry to see this I am waiting for a response from the store as soon as I have it I will get right back too you. TY - Natalie","@Tesco Thanks, it will be interesting to find out what the problem is.",False,True,False,train,store_or_staff_experience
tesco-1851528,1851532,Thu Oct 19 11:15:59 +0000 2017,"@Tesco Thanks. I wasn't very impressed that when pointed out to a member of staff, he said it doesn't matter cause people get what it means.","[Customer] Good to see @Tesco take lots of care with their customer notices. #effectnotaffect #fullofmistakes #proofreadingproblems <media_or_link> || [Tesco] @customer Hi there, sorry to see that this has been put up and has mistakes on it. Can you let me know which store this was? Thanks || [Customer] @Tesco Kingsway dundee. || [Tesco] @customer Hi there. I've fed this back to the store so the sign can be corrected. If there's anything else we can help with, please let me know. Rhys","@customer Hi, I completely understand your feelings towards this. The management team will now take the necessary steps to resolve this. Ty -Darren",,False,False,False,train,store_or_staff_experience
tesco-1714880,1714881,Tue Oct 17 18:01:44 +0000 2017,@Tesco 🙊 It was in Hove.,"[Customer] Found in the Mexican aisle at @tesco. Guess they missed Peruvians aren't Mexican? <media_or_link> || [Tesco] @customer Hi <name_redacted>, I think some of my colleagues may need a geography lesson. Can you please confirm what store this was?","@customer Hi <name_redacted>, I have contacted the store and they are going to get this moved :) Thanks for pointing it out to us.","@Tesco As a Peruvian living in the UK, I thank you muchly.",False,True,False,train,store_or_staff_experience
tesco-1635913,1635915,Sun Nov 05 12:04:12 +0000 2017,"@Tesco Thanks Josh, ended up using some pliers instead had to wait 10 minutes for it to come out of the warehouse","[Customer] @tesco Bought a bottle of Cardhu from Trowbridge Extra as birthday present, it still had security device attached on the bottle! || [Tesco] @customer Hi <name_redacted>, I'm sorry about that! If you can return to the store you bought this from with the receipt, they'll be able to remove this.","@customer Ah ok, well let us know if you need anything else.",,False,False,False,train,store_or_staff_experience
tesco-1008595,1008602,Sun Oct 22 17:33:19 +0000 2017,@customer @Tesco Before u bother come and taste one trust me,[Customer] These cookies from @Tesco are shut. Nearly broke my teeth they're that hard || [Customer] @customer @Tesco If they’re the ones i think they are i will slap you😂 || [Customer] @customer @Tesco Mate they taste like bricks || [Customer] @customer @Tesco I will come for you😂,"@customer Hi <name_redacted>, I'm sorry to learn about this issue with your cookies. I would like to get this logged and get you a full refund. 1/4 @customer To do this can you please DM me your Name, Address, Postcode, Barcode, Supplier code, Batch code and a photo of your full receipt. 2/4 @customer Then once I get your details I'll get this logged and that refund sent out. 3/4 @customer Lastly do you mind if we pass your details onto our suppliers? Thanks - Callum 4/4",,True,False,False,train,product_information
tesco-786898,786898,Thu Oct 12 09:33:53 +0000 2017,@Tesco could you tell me if this peanut butter is gluten free ? Thank you <media_or_link>,,"@customer Hi Rachael; leave this with me, I'm checking with our suppliers and I'll happily contact you back :)",@Tesco Thank you 🙂 look forward to hearing back from you soon,False,True,False,train,product_information
tesco-1357416,1357416,Fri Oct 27 18:14:18 +0000 2017,Really disappointed with my #organic #steak from @Tesco mostly fat although cleverly packaged to disguise it #inedible #tesco #poorquality <media_or_link>,,"@customer Hi <name_redacted>, I'm so sorry our steak wasn't of a good quality. I can understand your frustration as I'm a big fan as well. 1/4 @customer Can you please DM me your full name, address, email, barcode, supplier code and also a clear copy of your receipt? 2/4 @customer I'll then be able to refund you. Can I also ask for your permission to pass on your details to our supplier please? 3/4 @customer Can you please let me know if you would rather a refund through the post or to your email? TY - Mark 4/4",,True,False,False,train,product_information
tesco-2177036,2177040,Thu Nov 09 13:20:47 +0000 2017,@Tesco HI IS THIS VEGAN FRIENDLY I WOULD LIKE ALL OF THAT FOR MYSELF THANKS,"[Tesco] For those who prefer their beef wellington without the beef. However you do Christmas, Everyone's Welcome at Tesco. #EveryonesWelcome <media_or_link>","@customer The Tesco Portobello Mushroom Wellington contains milk so isn't Vegan friendly but is suitable for vegetarians. Thanks, Leah.",@Tesco Might need to rethink your hashtag then!,False,False,False,train,product_information
tesco-2255066,2255068,Fri Nov 10 21:59:15 +0000 2017,@Tesco <media_or_link>,"[Customer] @customer @Tesco I bought this pie today from Bursledon, Hants branch and it has no filling! <media_or_link> || [Tesco] @customer Can you also send a clear picture of the front /back of the packaging please? 2/4","@customer Hi <name_redacted>, thanks for sending those details. I'll just nee you to DM your name, address and email in order to proceed. Thanks - Dafydd <media_or_link>",,True,False,False,train,product_information
tesco-1311414,1311414,Sat Nov 04 15:16:56 +0000 2017,@Tesco giving the quite clearly vegetarian customer 72 chicken nuggets must be some kind of poor tasting joke!! <media_or_link>,,"@customer Sorry about that, did you refuse this and send them back with the driver? Are you aware you can add notes to say you're a vegetarian? :)",@Tesco Yeah your staff were very accommodating and I got my cauliflower cheese grills 👍,False,False,False,train,product_information
tesco-858146,858146,Thu Oct 19 19:20:41 +0000 2017,Hi @Tesco have you got rid of dried gnocchi in Shepton Mallet? Could only find fresh and oddly enough it’s not as good as the dried stuff for oven cooking. #wheresthegnocchi?,,"@customer Hi there, I'm currently checking this out for you, once I get an answer I will get back to you. - Beth :) @customer Hi there, this item is stocked in some stores however, is no longer and will no longer be stocked in this store. 1/2 @customer You are more than welcome to speak to the store directly about this to see if they can restock for you :) - Beth 2/2",@Tesco Aaaaaghhhh no :-). OK thanks for checking,False,True,False,train,product_information
tesco-1860719,1860719,Thu Oct 19 14:26:33 +0000 2017,**Ridiculous packaging klaxon** @Tesco <media_or_link>,,"@customer Hi. Thanks for getting in touch. I'm really sorry, while your product looks very safe in there I do think that looks a little excessive. 1/2 @customer If you can please DM me your full name, order number home, address and post code I'm happy to feed this back for you. Cheers",@Tesco Sliding into your DM’s right now Billy <media_or_link>,True,False,False,train,product_information
tesco-2220547,2220547,Fri Nov 10 10:30:00 +0000 2017,Good morning @Tesco please could you let me know what vegan wines you have. It's very difficult as they don't carry ingredients etc. Many thanks,,"@customer Hi <name_redacted>, Would you like to know about red, white or rose wine? Kind Regards",@Tesco Pinot Grigio (italian) preferably 😊,False,False,False,train,product_information
tesco-1609173,1609177,Tue Oct 17 11:11:15 +0000 2017,"@Tesco Cheers, though believe it or not I do actually have a few recipes up my sleeve already.",[Customer] Up next is chocolate and beetroot cake. After I do the dishes that is. Always surprised by how many dishes I can generate on a baking day. || [Tesco] @customer Yum! Will that be the last bake of the day? Or is there more? || [Customer] @Tesco Depends on how many loads of dishes I can be bothered doing I suppose. But I do have a hankering for chocolate chip oatmeal cookies 🍪 || [Tesco] @customer 😂😂 These are a nice twist on that idea.. #EveryLittleHelps <media_or_link>,@customer Fab 😊 Have a great Buffy baking day!,,False,False,False,train,product_information
tesco-1374651,1374651,Fri Oct 27 21:24:53 +0000 2017,"My @Tesco Smoked Streaky Bacon is supposed to contain 16 rashers. This is only 8. Tbh, I don’t need 16 but the packing shouldn’t be wrong 🥓 <media_or_link>",,"@customer Hi <name_redacted>, thanks for getting in touch. Just to confirm the picture you've provided is for Morrisons bacon? TY",@Tesco Lol oopsie ☺️,False,False,False,train,product_information
tesco-1970731,1970730,Wed Oct 18 17:45:55 +0000 2017,@Tesco Banana cupcakes btw 😋,"[Customer] What thickening agent can i use when making a gluten free cake?Do i sub with corn flour (ff),suggestions please? #thegirlgang #glutenfree || [Tesco] @customer What kind of cake are you making? This recipe might help! #EveryLittleHelps <media_or_link> || [Customer] @Tesco Thank you @Tesco 😉👌🏻","@customer Sounds lush! Let us know how you get on, hope it's a success!",,False,False,False,train,product_information
tesco-1347886,1347886,Fri Oct 27 15:33:56 +0000 2017,"Good afternoon @Tesco, could you give Thornbury as heads up for Monday please? Thanks",,"@customer Hi, I have passed this on to our store. Hope all goes well for you :). Thanks",,False,False,False,train,feedback_praise_or_suggestion
tesco-1484336,1484336,Mon Oct 16 19:12:53 +0000 2017,Found this lovely creature in my punnet of grapes @Tesco - came all the way from #Greece she was fine after a little TLC <media_or_link>,,"@customer Hi <name_redacted>, I'm sorry to hear if this was the case, I would need you to return back to a Superstore, extra or metro.1/2 @customer Then we can fully investigate this. Regards, Andy 2/2",,False,False,False,train,feedback_praise_or_suggestion
tesco-12634,12637,Thu Oct 26 07:01:56 +0000 2017,@Tesco I think someone forgot the gravy!!,[Customer] Thank you @Tesco for the half a tin of dog food! 😳 <media_or_link>,"@customer Hi <name_redacted>, I'm sorry I don't know how this could have happened. Can you DM us some more pics of the labeling including batch &amp; SC code 1/3 @customer Also, your name, address, including post code, email address and let me know if you would prefer digital or postal refund. 2/3 @customer Lastly, are you happy for me to pass your details on to our supplier in case they wish to contact you? TY - Brian 3/3",@Tesco I’ve binned all of the packaging now!,True,False,False,train,feedback_praise_or_suggestion
tesco-1797135,1797135,Fri Oct 13 18:44:26 +0000 2017,Just love going to @customer after a long day to be patronized and made to feel small by one of their employee's @Tesco #disgraceful,,"@customer Hi <name_redacted>, I'm sorry to hear you've had this experience in one of our stores! Are you able to drop us a DM with details of what happened? TY",,True,False,False,train,feedback_praise_or_suggestion
tesco-1094589,1094589,Fri Oct 13 19:21:42 +0000 2017,"Bargain hunt up @Tesco Congleton tonight. Bread at 16p a loaf, could fill your house!!! Amazing. Well done Tesco. Every Little Helps...Zzz!",,"@customer Hi <name_redacted>, I'm glad you can get so much bread. Definitely time to stock up on bread. TY",,False,False,False,train,feedback_praise_or_suggestion
tesco-910755,910755,Fri Oct 13 18:16:07 +0000 2017,@Tesco car now stinks thanks to 4 pints of milk leaking all over the passenger footwell 😡,,"@customer Hi <name_redacted>, I'm sorry to hear that this has happened. Can you return to your closest store at your own convenience? 1/3 @customer My colleagues there will fill out the vehicle damage report which will be sent to our specialist team, you will hear back within 14 days.2/3 @customer I hope this helps and if you have any further questions, don't hesitate to get in touch. TY - Reece 3/3",@Tesco It’s getting taken to a professional car cleaner this morning to be cleaned. I assume I can go after this?,False,False,False,train,feedback_praise_or_suggestion
tesco-1092417,1092417,Sat Oct 14 11:07:17 +0000 2017,@Tesco Just wondering...is this competition with Monarch still running? 🤔 Thanks x <media_or_link>,,@customer We are pleased to say that the competition is still running Sara. Flights will now be booked and paid for by Tesco Stores LTD.,@Tesco Great! Thank you for getting back to me. My entry is in 😀 x,False,True,False,train,feedback_praise_or_suggestion
tesco-1722051,1722051,Tue Oct 17 17:54:10 +0000 2017,"A lovely welcome at @Tesco Ashford, Middlesex this evening. Overflowing drains and the smell of human excrement outside the entrance",,"@customer Hi <name_redacted>, I am very sorry to learn that yo had unpleasant experience in the store. 1/3 @customer Could you please confirm which store in Ashford? Is it the one on the Church road or in Town Lane? 2/3 @customer I will have a look into this. TY - Eve 3/3","@Tesco Hi, yes the large store on Town Lane next to hospital... I feel quite nauseous now.",False,False,False,train,feedback_praise_or_suggestion
tesco-2005309,2005309,Wed Oct 18 17:09:31 +0000 2017,"@Tesco your profiling needs finessing! Thanks for free chicken tray bakes, but my history shows a distinct lack of carnivorous purchases?",,"@customer Hi <name_redacted>, I'm sorry we've sent chicken with your order. I appreciate this must have been disappointing 1/3 @customer I'd like to make sure this is noted for future reference to ensure this doesn't happen again 2/3 @customer In order for me to do so can you please DM your full name, full address and email address? Thank you - Aneurin 3/3",,True,False,False,train,feedback_praise_or_suggestion
tesco-742808,742813,Wed Oct 11 19:03:51 +0000 2017,@Tesco #YouLoveMeMore #VeryLoyalCustomer,[Customer] @Tesco And when my scales break from all those extra lb's who do I blame?? 🤔 || [Tesco] @customer Blame the scales! They'll never know how delicious food is. All they do is judge. #StopTheScales. || [Customer] @Tesco #NaughtyTesco || [Tesco] @customer #YouLoveUsReally #LoveAllRound #Let'sStopHashtaggingIt'sNot2012,@customer #WeAppreciateYouSoph #HappyToBeYourSupermarket #EveryLittleHelps.,,False,False,False,train,feedback_praise_or_suggestion
tesco-955545,955545,Wed Oct 11 11:57:33 +0000 2017,Thank you @Tesco Welling and Suzanne! Year Two loved the farm to fork workshop and learning about healthy eating. <media_or_link>,,@customer Everyone looked like they had a fantastic time! Thanks for sharing 😊,,False,False,False,train,feedback_praise_or_suggestion
tesco-2220652,2220654,Fri Nov 10 09:51:47 +0000 2017,"@Tesco Thanks, unfortunately, having started on a high with Tesco Jalapeno Chilli 3 Cheese Bloomer for breakfast it's downhill from here #tfifriday","[Customer] @Tesco Congratulations on the Tesco Jalapeño Chilli 3 Cheese Bloomer, I can only aliken its invention to that of the lightbulb #puregenius || [Tesco] @customer Morning <name_redacted> :) I'm glad you;re a fan! Thanks for your feedback, it's really beneficial for us to receive :) I hope you have a great day","@customer Hi <name_redacted>, I am sorry to hear that your Friday is going downhill, is there anything I can help you with. TY",,False,False,False,train,feedback_praise_or_suggestion
tesco-1128911,1128911,Sat Oct 14 12:32:32 +0000 2017,Hi @Tesco do you use your leftover lettuce to make your prepared salads? 🤢 <media_or_link>,,"@customer Hi, <name_redacted> I’m sorry to learn that the salad you've purchased isn’t up to the standards we expect. I would like to look into this for you.1/3 @customer Can you DM me a few details. Can you confirm your name, full address, barcode, expiry date area and photo of the receipt? 2/3 @customer Can I confirm that you are happy for me to pass on your details to our supplier? Thanks – Lee 3/3",,True,False,False,train,other_or_unclear
tesco-1960967,1960967,Mon Oct 30 20:31:49 +0000 2017,@Tesco is this your new way of creating more revenue by packing 151g (16%) less chicken into the packets? Disgraceful! <media_or_link>,,"@customer Hi <name_redacted>, I'm really sorry you are unhappy with our packaging. I can understand your concerns. 1/3 @customer I would to log your feedback internally for review. So I can do this can you please DM me your full name, address and email? 2/3 @customer Can I also ask for a clear photo of the product packaging? I'll then log this accordingly. Thanks - Mark 3/3",,True,False,False,train,other_or_unclear
tesco-2253242,2253242,Fri Nov 10 17:06:36 +0000 2017,@Tesco that moment when you are putting up your new tree and the middle stem is full of rivets so the top tier can't go on 😖😖😖 <media_or_link>,,"@customer Hi <name_redacted>, I'm really sorry your new tree won't go up properly and I can understand your disappointment. If you return it to store then I'm sure my colleagues on the Customer Service Desk will be able to help you. Thanks",,False,False,False,train,other_or_unclear
tesco-1935246,1935246,Sat Oct 28 20:05:23 +0000 2017,@Tesco how rubbish are these !! The cones are soft and half the ice cream is missing 😏 <media_or_link>,,"@customer I'm sorry about that Kirsty. :( If you can DM me your full name, address, email address &amp; picture of your receipt, I'll reimburse you. TY <media_or_link>",,True,False,False,train,other_or_unclear
tesco-2456491,2456491,Tue Nov 14 22:54:46 +0000 2017,"Bit disappointed @Tesco....bought this bunch of alstromeria earlier. They were reduced as they had reached their display until date but looked ok. When I unwrapped them to put them in the vase, there were a lot of dead/broken off/rotting flowers and stems 😞 #halfemptyvase <media_or_link>",,"@customer I'm sorry to see the flowers you purchased from us was of poor quality. I can understand your concerns. I would like to issue a refund for you. Can you DM some information? 1/2 <media_or_link> @customer Your full name, address, email address, barcode, price paid, date code and clear copy of your receipt? Also the supplier code(SC)? Would you prefer your refund via the post or email? TY - Jayne 2/2",,True,False,False,train,other_or_unclear
tesco-1449864,1449864,Mon Oct 16 18:30:06 +0000 2017,@Tesco not sure the top sausage could be classed as a cocktail one?!! 😂 <media_or_link>,,"@customer Hi <name_redacted>, wow, I feel bad for the others, hes impressive. 1/5 @customer If you'd like me to log this and feed it back I am more than happy to do so? :) 2/5 @customer I would need you to DM me with your name, address and post code, as well as a picture of your receipt. 3/5 @customer If you could also include the supplier code (SC) and the barcode number that would be helpful. 4/5 @customer Lastly, can I have your permission to share your details with the supplier? So that this may be properly logged. Thanks, Mike. 5/5",,True,False,False,train,other_or_unclear
tesco-1272553,1272553,Fri Oct 13 12:52:39 +0000 2017,There’s an empty can in my multipack 😩 @Tesco #23forthepriceof24 #cannedoff <media_or_link>,,"@customer Hi <name_redacted>. Sorry to see you missing out on a can. Could you DM me some detail so I can sort this? 1/2 @customer I will need the barcode, store you visited and an image of the receipt. Thanks. Ian 2/2",,True,False,False,train,other_or_unclear
tesco-2538421,2538421,Thu Nov 16 09:15:08 +0000 2017,So I have a lecture at 10 but don't have time for breakfast and I'm eating a @Tesco Peanut Munch bar and then bit into plastic. Wtf Tesco?! <media_or_link>,,"@customer Hi there, I am very sorry that there was string inside the bar. Please could you return to your local Super/Extra/Metro Store. Our colleagues can do a product report. 1/3 @customer Please let our colleagues on the customer service desk know if you would like a response from head office. We'd like to record your contact today. 2/3 @customer Please could you DM us with your name, address, the product barcode and the store you will be returning to? - Allyn 3/3",,True,False,False,train,other_or_unclear
tesco-1934818,1934818,Sat Oct 28 19:06:01 +0000 2017,@Tesco very sad about the no guac situation this evening after tucking into these in date avocados 🥑😔 #avocaNO <media_or_link>,,"@customer Hello <name_redacted>, thanks for letting me know about this, I'd like to report your feedback to our suppliers to make them aware! 1/5 @customer Do you have the packaging still? Please can you send me a photo showing the barcode number? 2/5 @customer How much did you pay for the avocados? Can you also please let me know the name/address of the store you visited? 3/5 @customer Please also DM me your full name (if different) and postal address, I’ll happily pop a refund in the post for you :) 4/5 @customer If you're happy for me to pass your info onto our suppliers, please let me know. I look forward to your reply – Mat 5/5 <media_or_link>",,True,False,False,train,other_or_unclear
tesco-1343761,1343761,Fri Oct 27 15:12:37 +0000 2017,Just been basically called a thief in @Tesco because I walked the wrong way! How's your day going?,,"@customer Could you DM me a summary of what happened as well as a description of the colleague who accused you? TY - Peter 2/2 @customer Hi <name_redacted>, I'm really sorry to hear this, I'd like to investigate this further for you. 1/2",@Tesco @customer @Tesco love firing people I deliver to enough of them to know that,True,False,False,train,other_or_unclear
tesco-980495,980495,Wed Oct 11 20:04:14 +0000 2017,@Tesco now expect the customer to wait on the phone while they chat to the person next to them it seems,,"@customer Hi <name_redacted>, can you please DM me with more details on what has happened and where? Thanks",,True,False,False,train,other_or_unclear
tesco-1906458,1906458,Wed Oct 25 13:20:56 +0000 2017,@Tesco if you want people to use Pay+ you need to look into why scanners do not read everyone 25% work rate for me 😓,,@customer Sorry Tesco Pay+ didn’t work. Please DM us which store and if it was a self-service or manned checkout and we’ll fix this for you. TY- Alan,,True,False,False,train,other_or_unclear
